order_month,revenue,profit,prev_month_revenue,mom_growth_pct,running_total_revenue
2022-01,4794654.0,499789.0,,,4794654.0
2022-02,3551318.0,222897.0,4794654.0,-25.9,8345972.0
2022-03,7826877.0,610763.0,3551318.0,120.4,16172849.0
2022-04,5304335.0,436479.0,7826877.0,-32.2,21477184.0
2022-05,5007244.0,318627.0,5304335.0,-5.6,26484428.0
2022-06,5301736.0,423650.0,5007244.0,5.9,31786164.0
2022-07,7901642.0,663799.0,5301736.0,49.0,39687806.0
2022-08,6793648.0,417443.0,7901642.0,-14.0,46481454.0
2022-09,8005359.0,732626.0,6793648.0,17.8,54486813.0
2022-10,10293804.0,754894.0,8005359.0,28.6,64780617.0
2022-11,10799298.0,789478.0,10293804.0,4.9,75579915.0
2022-12,9016822.0,842850.0,10799298.0,-16.5,84596737.0
2023-01,5606947.0,458565.0,9016822.0,-37.8,90203684.0
2023-02,7039679.0,573980.0,5606947.0,25.6,97243363.0
2023-03,6894579.0,468497.0,7039679.0,-2.1,104137942.0
2023-04,7530114.0,671667.0,6894579.0,9.2,111668056.0
2023-05,6628431.0,654503.0,7530114.0,-12.0,118296487.0
2023-06,7444950.0,478874.0,6628431.0,12.3,125741437.0
2023-07,7985088.0,746333.0,7444950.0,7.3,133726525.0
2023-08,6950325.0,664186.0,7985088.0,-13.0,140676850.0
2023-09,8613944.0,858491.0,6950325.0,23.9,149290794.0
2023-10,11688254.0,1064071.0,8613944.0,35.7,160979048.0
2023-11,10216271.0,892381.0,11688254.0,-12.6,171195319.0
2023-12,12734087.0,1107451.0,10216271.0,24.6,183929406.0
2024-01,7816434.0,659584.0,12734087.0,-38.6,191745840.0
2024-02,8586181.0,754941.0,7816434.0,9.8,200332021.0
2024-03,7865252.0,609127.0,8586181.0,-8.4,208197273.0
2024-04,9383570.0,794345.0,7865252.0,19.3,217580843.0
2024-05,8442871.0,659719.0,9383570.0,-10.0,226023714.0
2024-06,7876855.0,650113.0,8442871.0,-6.7,233900569.0
2024-07,8333895.0,626538.0,7876855.0,5.8,242234464.0
2024-08,8962715.0,684336.0,8333895.0,7.5,251197179.0
2024-09,8669893.0,806974.0,8962715.0,-3.3,259867072.0
2024-10,12876975.0,1161406.0,8669893.0,48.5,272744047.0
2024-11,12715799.0,834261.0,12876975.0,-1.3,285459846.0
2024-12,12443039.0,1062505.0,12715799.0,-2.1,297902885.0
