category,sub_category,revenue,profit,margin_pct,rank_in_category
Furniture,Tables,27586307.0,2029149.0,7.4,1
Furniture,Chairs,15649417.0,1834008.0,11.7,2
Furniture,Storage,10152979.0,1368486.0,13.5,3
Furniture,Bookcases,20711345.0,447729.0,2.2,4
Office Supplies,Appliances,13040150.0,2055876.0,15.8,1
Office Supplies,Binders,713087.0,233842.0,32.8,2
Office Supplies,Paper,1039309.0,219465.0,21.1,3
Office Supplies,Art,788881.0,186871.0,23.7,4
Technology,Laptops,135843864.0,6803309.0,5.0,1
Technology,Phones,43810892.0,5695330.0,13.0,2
Technology,Printers,24170049.0,2414428.0,10.0,3
Technology,Accessories,4396607.0,1367652.0,31.1,4
