product_name,category,units_sold,revenue,profit,margin_pct
Laptops Model 1,Technology,503,35432681.0,1947468.0,5.5
Laptops Model 5,Technology,526,30209207.0,1509595.0,5.0
Phones Model 2,Technology,573,9433792.0,1496023.0,15.9
Laptops Model 3,Technology,585,21609195.0,1495725.0,6.9
Phones Model 5,Technology,569,12529298.0,1341051.0,10.7
Laptops Model 4,Technology,540,28525435.0,1194955.0,4.2
Phones Model 3,Technology,509,8603255.0,1147423.0,13.3
Phones Model 4,Technology,507,7373029.0,929059.0,12.6
Phones Model 1,Technology,478,5871519.0,781775.0,13.3
Tables Model 5,Furniture,525,7763337.0,755637.0,9.7
