customer_percentile,cumulative_revenue_pct
0.0,1.8
1.0,5.1
2.0,8.0
3.0,10.8
4.0,13.3
5.0,15.8
6.0,18.1
7.0,20.3
8.0,22.5
9.0,24.5
10.0,26.4
11.0,28.3
12.0,30.1
13.0,31.9
14.0,33.6
15.0,35.3
16.0,36.9
17.0,38.6
18.0,40.2
19.0,41.7
20.0,43.2
21.0,44.7
22.0,46.2
23.0,47.6
24.0,49.0
25.0,50.3
26.0,51.6
27.0,52.9
28.0,54.2
29.0,55.5
30.0,56.7
31.0,58.0
32.0,59.2
33.0,60.3
34.0,61.5
35.0,62.6
36.0,63.7
37.0,64.8
38.0,65.9
39.0,67.0
40.0,68.0
41.0,69.0
42.0,70.0
43.0,71.0
44.0,71.9
45.0,72.8
46.0,73.7
47.0,74.6
48.0,75.5
49.0,76.4
50.0,77.2
51.0,78.0
52.0,78.8
53.0,79.6
54.0,80.4
55.0,81.2
56.0,82.0
57.0,82.7
58.0,83.4
59.0,84.1
60.0,84.8
61.0,85.5
62.0,86.2
63.0,86.8
64.0,87.5
65.0,88.1
66.0,88.7
67.0,89.2
68.0,89.8
69.0,90.4
70.0,90.9
71.0,91.5
72.0,92.0
73.0,92.5
74.0,93.0
75.0,93.4
76.0,93.9
77.0,94.3
78.0,94.7
79.0,95.2
80.0,95.6
81.0,95.9
82.0,96.3
83.0,96.7
84.0,97.0
85.0,97.4
86.0,97.7
87.0,98.0
88.0,98.3
89.0,98.5
90.0,98.8
91.0,99.0
92.0,99.2
93.0,99.4
94.0,99.5
95.0,99.7
96.0,99.8
97.0,99.9
98.0,100.0
99.0,100.0
100.0,100.0
