cohort_month,month_number,active_customers,cohort_size,retention_pct
2022-01,0,154,154,100.0
2022-01,1,18,154,11.7
2022-01,2,23,154,14.9
2022-01,3,19,154,12.3
2022-01,4,18,154,11.7
2022-01,5,12,154,7.8
2022-01,6,17,154,11.0
2022-01,7,24,154,15.6
2022-01,8,25,154,16.2
2022-01,9,22,154,14.3
2022-01,10,26,154,16.9
2022-01,11,30,154,19.5
2022-01,12,20,154,13.0
2022-02,0,116,116,100.0
2022-02,1,11,116,9.5
2022-02,2,12,116,10.3
2022-02,3,11,116,9.5
2022-02,4,9,116,7.8
2022-02,5,18,116,15.5
2022-02,6,18,116,15.5
2022-02,7,18,116,15.5
2022-02,8,20,116,17.2
2022-02,9,17,116,14.7
2022-02,10,21,116,18.1
2022-02,11,12,116,10.3
2022-02,12,14,116,12.1
2022-03,0,147,147,100.0
2022-03,1,18,147,12.2
2022-03,2,12,147,8.2
2022-03,3,19,147,12.9
2022-03,4,20,147,13.6
2022-03,5,22,147,15.0
2022-03,6,23,147,15.6
2022-03,7,26,147,17.7
2022-03,8,28,147,19.0
2022-03,9,28,147,19.0
2022-03,10,14,147,9.5
2022-03,11,16,147,10.9
2022-03,12,14,147,9.5
2022-04,0,109,109,100.0
2022-04,1,13,109,11.9
2022-04,2,11,109,10.1
2022-04,3,14,109,12.8
2022-04,4,9,109,8.3
2022-04,5,20,109,18.3
2022-04,6,16,109,14.7
2022-04,7,19,109,17.4
2022-04,8,24,109,22.0
2022-04,9,10,109,9.2
2022-04,10,8,109,7.3
2022-04,11,17,109,15.6
2022-04,12,13,109,11.9
2022-05,0,91,91,100.0
2022-05,1,14,91,15.4
2022-05,2,15,91,16.5
2022-05,3,16,91,17.6
2022-05,4,15,91,16.5
2022-05,5,10,91,11.0
2022-05,6,20,91,22.0
2022-05,7,17,91,18.7
2022-05,8,12,91,13.2
2022-05,9,6,91,6.6
2022-05,10,17,91,18.7
2022-05,11,13,91,14.3
2022-05,12,13,91,14.3
2022-06,0,102,102,100.0
2022-06,1,14,102,13.7
2022-06,2,14,102,13.7
2022-06,3,17,102,16.7
2022-06,4,20,102,19.6
2022-06,5,22,102,21.6
2022-06,6,21,102,20.6
2022-06,7,17,102,16.7
2022-06,8,13,102,12.7
2022-06,9,13,102,12.7
2022-06,10,8,102,7.8
2022-06,11,13,102,12.7
2022-06,12,13,102,12.7
2022-07,0,98,98,100.0
2022-07,1,13,98,13.3
2022-07,2,17,98,17.3
2022-07,3,8,98,8.2
2022-07,4,24,98,24.5
2022-07,5,21,98,21.4
2022-07,6,15,98,15.3
2022-07,7,12,98,12.2
2022-07,8,15,98,15.3
2022-07,9,15,98,15.3
2022-07,10,14,98,14.3
2022-07,11,16,98,16.3
2022-07,12,14,98,14.3
2022-08,0,103,103,100.0
2022-08,1,14,103,13.6
2022-08,2,15,103,14.6
2022-08,3,26,103,25.2
2022-08,4,14,103,13.6
2022-08,5,10,103,9.7
2022-08,6,13,103,12.6
2022-08,7,14,103,13.6
2022-08,8,13,103,12.6
2022-08,9,13,103,12.6
2022-08,10,14,103,13.6
2022-08,11,24,103,23.3
2022-08,12,17,103,16.5
2022-09,0,77,77,100.0
2022-09,1,18,77,23.4
2022-09,2,18,77,23.4
2022-09,3,14,77,18.2
2022-09,4,8,77,10.4
2022-09,5,6,77,7.8
2022-09,6,12,77,15.6
2022-09,7,11,77,14.3
2022-09,8,18,77,23.4
2022-09,9,12,77,15.6
2022-09,10,15,77,19.5
2022-09,11,11,77,14.3
2022-09,12,6,77,7.8
2022-10,0,90,90,100.0
2022-10,1,24,90,26.7
2022-10,2,13,90,14.4
2022-10,3,7,90,7.8
2022-10,4,12,90,13.3
2022-10,5,10,90,11.1
2022-10,6,13,90,14.4
2022-10,7,9,90,10.0
2022-10,8,12,90,13.3
2022-10,9,20,90,22.2
2022-10,10,10,90,11.1
2022-10,11,10,90,11.1
2022-10,12,32,90,35.6
2022-11,0,80,80,100.0
2022-11,1,14,80,17.5
2022-11,2,5,80,6.3
2022-11,3,13,80,16.3
2022-11,4,14,80,17.5
2022-11,5,13,80,16.3
2022-11,6,8,80,10.0
2022-11,7,8,80,10.0
2022-11,8,7,80,8.8
2022-11,9,11,80,13.8
2022-11,10,8,80,10.0
2022-11,11,11,80,13.8
2022-11,12,12,80,15.0
2022-12,0,58,58,100.0
2022-12,1,7,58,12.1
2022-12,2,7,58,12.1
2022-12,3,3,58,5.2
2022-12,4,8,58,13.8
2022-12,5,12,58,20.7
2022-12,6,10,58,17.2
2022-12,7,9,58,15.5
2022-12,8,6,58,10.3
2022-12,9,9,58,15.5
2022-12,10,9,58,15.5
2022-12,11,14,58,24.1
2022-12,12,9,58,15.5
2023-01,0,40,40,100.0
2023-01,1,3,40,7.5
2023-01,2,6,40,15.0
2023-01,3,7,40,17.5
2023-01,4,4,40,10.0
2023-01,5,5,40,12.5
2023-01,6,6,40,15.0
2023-01,7,5,40,12.5
2023-01,8,7,40,17.5
2023-01,9,9,40,22.5
2023-01,10,5,40,12.5
2023-01,11,9,40,22.5
2023-01,12,7,40,17.5
2023-02,0,22,22,100.0
2023-02,1,2,22,9.1
2023-02,2,5,22,22.7
2023-02,3,1,22,4.5
2023-02,4,4,22,18.2
2023-02,5,4,22,18.2
2023-02,6,1,22,4.5
2023-02,7,2,22,9.1
2023-02,8,5,22,22.7
2023-02,9,5,22,22.7
2023-02,10,6,22,27.3
2023-02,11,1,22,4.5
2023-02,12,3,22,13.6
2023-03,0,30,30,100.0
2023-03,1,4,30,13.3
2023-03,2,5,30,16.7
2023-03,3,4,30,13.3
2023-03,4,2,30,6.7
2023-03,5,5,30,16.7
2023-03,6,4,30,13.3
2023-03,7,4,30,13.3
2023-03,8,4,30,13.3
2023-03,9,5,30,16.7
2023-03,10,7,30,23.3
2023-03,11,2,30,6.7
2023-03,12,4,30,13.3
2023-04,0,20,20,100.0
2023-04,1,4,20,20.0
2023-04,3,4,20,20.0
2023-04,4,1,20,5.0
2023-04,5,3,20,15.0
2023-04,6,10,20,50.0
2023-04,7,7,20,35.0
2023-04,8,4,20,20.0
2023-04,9,6,20,30.0
2023-04,10,4,20,20.0
2023-04,12,1,20,5.0
2023-05,0,23,23,100.0
2023-05,1,3,23,13.0
2023-05,2,2,23,8.7
2023-05,3,2,23,8.7
2023-05,4,4,23,17.4
2023-05,5,10,23,43.5
2023-05,6,3,23,13.0
2023-05,7,6,23,26.1
2023-05,8,3,23,13.0
2023-05,9,5,23,21.7
2023-05,10,4,23,17.4
2023-05,11,5,23,21.7
2023-05,12,6,23,26.1
2023-06,0,21,21,100.0
2023-06,1,4,21,19.0
2023-06,2,2,21,9.5
2023-06,3,5,21,23.8
2023-06,4,4,21,19.0
2023-06,5,3,21,14.3
2023-06,6,6,21,28.6
2023-06,7,2,21,9.5
2023-06,8,3,21,14.3
2023-06,9,5,21,23.8
2023-06,10,4,21,19.0
2023-06,11,5,21,23.8
2023-06,12,2,21,9.5
2023-07,0,16,16,100.0
2023-07,1,4,16,25.0
2023-07,2,1,16,6.3
2023-07,3,1,16,6.3
2023-07,4,3,16,18.8
2023-07,5,2,16,12.5
2023-07,6,4,16,25.0
2023-07,7,2,16,12.5
2023-07,8,5,16,31.3
2023-07,9,3,16,18.8
2023-07,10,2,16,12.5
2023-07,11,2,16,12.5
2023-07,12,2,16,12.5
2023-08,0,16,16,100.0
2023-08,1,1,16,6.3
2023-08,2,2,16,12.5
2023-08,3,7,16,43.8
2023-08,4,3,16,18.8
2023-08,5,1,16,6.3
2023-08,6,1,16,6.3
2023-08,7,4,16,25.0
2023-08,8,1,16,6.3
2023-08,9,3,16,18.8
2023-08,10,1,16,6.3
2023-08,11,2,16,12.5
2023-08,12,2,16,12.5
2023-09,0,17,17,100.0
2023-09,1,4,17,23.5
2023-09,2,4,17,23.5
2023-09,3,4,17,23.5
2023-09,4,3,17,17.6
2023-09,5,4,17,23.5
2023-09,6,5,17,29.4
2023-09,7,1,17,5.9
2023-09,8,1,17,5.9
2023-09,9,1,17,5.9
2023-09,10,5,17,29.4
2023-09,11,3,17,17.6
2023-09,12,3,17,17.6
2023-10,0,12,12,100.0
2023-10,1,3,12,25.0
2023-10,2,4,12,33.3
2023-10,3,2,12,16.7
2023-10,4,4,12,33.3
2023-10,5,1,12,8.3
2023-10,6,3,12,25.0
2023-10,7,1,12,8.3
2023-10,9,3,12,25.0
2023-10,10,2,12,16.7
2023-10,11,5,12,41.7
2023-10,12,2,12,16.7
2023-11,0,9,9,100.0
2023-11,1,2,9,22.2
2023-11,2,1,9,11.1
2023-11,4,1,9,11.1
2023-11,6,3,9,33.3
2023-11,7,1,9,11.1
2023-11,8,4,9,44.4
2023-11,9,3,9,33.3
2023-11,10,1,9,11.1
2023-11,11,1,9,11.1
2023-11,12,3,9,33.3
2023-12,0,9,9,100.0
2023-12,1,1,9,11.1
2023-12,2,2,9,22.2
2023-12,3,1,9,11.1
2023-12,4,1,9,11.1
2023-12,5,1,9,11.1
2023-12,6,2,9,22.2
2023-12,7,1,9,11.1
2023-12,8,3,9,33.3
2023-12,9,2,9,22.2
2023-12,10,3,9,33.3
2023-12,11,2,9,22.2
2023-12,12,2,9,22.2
2024-01,0,5,5,100.0
2024-01,1,1,5,20.0
2024-01,2,1,5,20.0
2024-01,4,1,5,20.0
2024-01,5,1,5,20.0
2024-01,6,2,5,40.0
2024-01,7,1,5,20.0
2024-01,9,3,5,60.0
2024-01,11,1,5,20.0
2024-02,0,9,9,100.0
2024-02,1,3,9,33.3
2024-02,2,1,9,11.1
2024-02,3,1,9,11.1
2024-02,4,1,9,11.1
2024-02,5,1,9,11.1
2024-02,6,4,9,44.4
2024-02,7,2,9,22.2
2024-02,8,3,9,33.3
2024-02,9,1,9,11.1
2024-02,10,1,9,11.1
2024-03,0,5,5,100.0
2024-03,1,1,5,20.0
2024-03,2,1,5,20.0
2024-03,3,2,5,40.0
2024-03,7,1,5,20.0
2024-03,8,1,5,20.0
2024-03,9,2,5,40.0
2024-04,0,4,4,100.0
2024-04,3,1,4,25.0
2024-04,5,1,4,25.0
2024-04,6,1,4,25.0
2024-04,7,1,4,25.0
2024-04,8,1,4,25.0
2024-05,0,3,3,100.0
2024-05,1,1,3,33.3
2024-05,6,1,3,33.3
2024-05,7,2,3,66.7
2024-06,0,1,1,100.0
2024-06,3,1,1,100.0
2024-07,0,2,2,100.0
2024-07,4,1,2,50.0
2024-08,0,2,2,100.0
2024-08,1,1,2,50.0
2024-10,0,3,3,100.0
2024-11,0,3,3,100.0
2024-11,1,2,3,66.7
2024-12,0,1,1,100.0
