contract,internet_service,tenure_band,customers,churned_customers,churn_rate_pct,monthly_revenue_lost,risk_rank
Month-to-month,Fiber optic,0-12 months,607,425,70.0,38848.0,1
Month-to-month,Fiber optic,13-24 months,446,266,59.6,24536.0,2
Month-to-month,Fiber optic,25-48 months,347,159,45.8,14483.0,3
Month-to-month,DSL,0-12 months,446,170,38.1,11261.0,4
One year,Fiber optic,0-12 months,53,19,35.8,1755.0,5
Month-to-month,DSL,13-24 months,345,98,28.4,6444.0,6
Month-to-month,Fiber optic,49+ months,68,18,26.5,1643.0,7
One year,Fiber optic,13-24 months,117,27,23.1,2485.0,8
Month-to-month,DSL,25-48 months,253,51,20.2,3379.0,9
One year,Fiber optic,25-48 months,208,40,19.2,3673.0,10
