customer_id,recency_days,frequency,monetary,r_score,f_score,m_score,rfm_segment
C00143,207,12,840529.0,2,5,5,At Risk
C01489,126,11,822918.0,2,5,5,At Risk
C00640,14,6,820595.0,5,4,5,Champions
C00391,148,9,816812.0,2,5,5,At Risk
C00145,26,9,747059.0,5,5,5,Champions
C01244,3,14,699220.0,5,5,5,Champions
C00164,207,10,694812.0,2,5,5,At Risk
C00414,98,20,686870.0,3,5,5,Loyal
C00353,13,11,682760.0,5,5,5,Champions
C01498,23,13,664358.0,5,5,5,Champions
C01178,111,7,663351.0,3,4,5,Loyal
C00093,16,10,655212.0,5,5,5,Champions
C00189,22,9,654775.0,5,5,5,Champions
C01166,372,8,653996.0,1,5,5,At Risk
C00362,42,12,650166.0,4,5,5,Champions
C00977,48,12,644062.0,4,5,5,Champions
C01440,58,9,639100.0,4,5,5,Champions
C00052,138,8,638642.0,2,5,5,At Risk
C00064,12,13,610677.0,5,5,5,Champions
C01325,210,6,608377.0,2,4,5,At Risk
C00016,42,7,605790.0,4,4,5,Champions
C01492,302,8,605678.0,1,5,5,At Risk
C00216,28,9,603368.0,4,5,5,Champions
C00619,26,9,603012.0,5,5,5,Champions
C00071,129,7,597429.0,2,4,5,At Risk
C01257,372,9,596209.0,1,5,5,At Risk
C01452,24,19,591381.0,5,5,5,Champions
C00275,335,8,589079.0,1,5,5,At Risk
C01100,14,8,588488.0,5,5,5,Champions
C00471,0,6,583211.0,5,4,5,Champions
C01417,7,10,582847.0,5,5,5,Champions
C00970,5,7,578458.0,5,4,5,Champions
C00560,5,8,576043.0,5,5,5,Champions
C01222,3,7,575589.0,5,4,5,Champions
C00496,42,9,575516.0,4,5,5,Champions
C01015,53,9,573684.0,4,5,5,Champions
C00212,18,8,573674.0,5,5,5,Champions
C00785,50,6,569850.0,4,4,5,Champions
C00860,394,6,565410.0,1,4,5,At Risk
C01270,22,8,563468.0,5,5,5,Champions
C00558,235,7,560187.0,2,4,5,At Risk
C00298,47,8,554889.0,4,5,5,Champions
C01147,63,11,552199.0,3,5,5,Loyal
C00388,62,10,547811.0,3,5,5,Loyal
C00762,12,8,542699.0,5,5,5,Champions
C00916,6,8,538977.0,5,5,5,Champions
C00938,51,10,538620.0,4,5,5,Champions
C00900,30,8,538544.0,4,5,5,Champions
C00500,16,7,538339.0,5,4,5,Champions
C00526,34,10,537077.0,4,5,5,Champions
C01331,375,9,536306.0,1,5,5,At Risk
C00633,115,4,531356.0,2,2,5,Lost / Hibernating
C00345,4,6,529028.0,5,4,5,Champions
C00886,1,10,528322.0,5,5,5,Champions
C01423,23,11,513193.0,5,5,5,Champions
C01345,169,6,511421.0,2,4,5,At Risk
C01085,13,10,509778.0,5,5,5,Champions
C00553,535,6,508770.0,1,4,5,At Risk
C00260,31,7,503616.0,4,4,5,Champions
C00766,50,11,499102.0,4,5,5,Champions
C00635,33,10,498244.0,4,5,5,Champions
C01227,76,7,497986.0,3,4,5,Loyal
C00489,72,7,496003.0,3,4,5,Loyal
C00910,65,7,495894.0,3,4,5,Loyal
C01012,316,5,495111.0,1,3,5,At Risk
C01035,15,7,494514.0,5,4,5,Champions
C00062,255,5,493796.0,1,3,5,At Risk
C00564,274,7,492809.0,1,4,5,At Risk
C01434,34,8,492297.0,4,5,5,Champions
C00178,247,13,491055.0,1,5,5,At Risk
C00406,1,10,488415.0,5,5,5,Champions
C01323,97,7,487910.0,3,4,5,Loyal
C00850,33,9,487693.0,4,5,5,Champions
C01393,36,7,487512.0,4,4,5,Champions
C00986,161,8,486821.0,2,5,5,At Risk
C01405,96,14,485738.0,3,5,5,Loyal
C00356,76,5,485582.0,3,3,5,Loyal
C00165,39,6,484222.0,4,4,5,Champions
C00982,32,9,479235.0,4,5,5,Champions
C00305,14,5,478614.0,5,3,5,Loyal
C00606,84,12,478552.0,3,5,5,Loyal
C00697,62,8,478451.0,3,5,5,Loyal
C01124,2,9,478174.0,5,5,5,Champions
C00984,56,7,477199.0,4,4,5,Champions
C00381,14,6,471424.0,5,4,5,Champions
C00591,58,13,470367.0,4,5,5,Champions
C00012,246,4,468992.0,1,2,5,Lost / Hibernating
C01069,172,6,466448.0,2,4,5,At Risk
C00248,28,11,463881.0,4,5,5,Champions
C00394,14,11,462808.0,5,5,5,Champions
C00453,323,10,461752.0,1,5,5,At Risk
C00491,62,10,460478.0,3,5,5,Loyal
C00731,167,8,459439.0,2,5,5,At Risk
C01135,8,6,454747.0,5,3,5,Loyal
C00735,24,8,453900.0,5,5,5,Champions
C00373,84,7,451812.0,3,4,5,Loyal
C01181,70,6,451657.0,3,3,5,Loyal
C00412,10,6,450956.0,5,3,5,Loyal
C01418,97,8,450438.0,3,5,5,Loyal
C00335,5,9,449652.0,5,5,5,Champions
C00251,152,4,449235.0,2,2,5,Lost / Hibernating
C01472,92,9,446230.0,3,5,5,Loyal
C00167,13,11,446073.0,5,5,5,Champions
C01429,61,6,443510.0,3,3,5,Loyal
C00140,253,7,441299.0,1,4,5,At Risk
C00231,42,10,439862.0,4,5,5,Champions
C00320,285,7,439365.0,1,4,5,At Risk
C01389,4,9,438465.0,5,5,5,Champions
C00316,61,6,437082.0,3,3,5,Loyal
C01014,8,7,435104.0,5,4,5,Champions
C00285,32,6,434133.0,4,3,5,Loyal
C01079,237,6,433391.0,2,3,5,At Risk
C00683,10,8,429995.0,5,5,5,Champions
C00608,243,4,429629.0,1,2,5,Lost / Hibernating
C00156,179,6,428421.0,2,3,5,At Risk
C00831,62,7,426379.0,3,4,5,Loyal
C01449,4,7,425609.0,5,4,5,Champions
C00899,120,6,425223.0,2,3,5,At Risk
C00876,32,9,424666.0,4,5,5,Champions
C01162,112,5,424175.0,2,3,5,At Risk
C00918,56,11,421577.0,4,5,5,Champions
C00010,145,5,421236.0,2,3,5,At Risk
C00376,36,5,420465.0,4,3,5,Loyal
C00820,57,6,419861.0,4,3,5,Loyal
C00349,86,6,418771.0,3,3,5,Loyal
C01215,211,4,417671.0,2,2,5,Lost / Hibernating
C00094,100,7,416042.0,3,4,5,Loyal
C00418,146,8,415946.0,2,5,5,At Risk
C01309,335,7,410283.0,1,4,5,At Risk
C00068,84,9,408446.0,3,5,5,Loyal
C00091,148,8,406395.0,2,5,5,At Risk
C00498,71,8,405829.0,3,5,5,Loyal
C01067,52,5,405091.0,4,3,5,Loyal
C00088,35,12,404551.0,4,5,5,Champions
C00641,69,8,404247.0,3,5,5,Loyal
C01269,92,7,401864.0,3,4,5,Loyal
C01480,94,5,399748.0,3,3,5,Loyal
C00022,177,8,399195.0,2,5,5,At Risk
C00944,3,10,395162.0,5,5,5,Champions
C00405,47,7,393426.0,4,4,5,Champions
C01334,17,6,392197.0,5,3,5,Loyal
C01191,195,8,391730.0,2,5,5,At Risk
C00252,114,5,390744.0,2,3,5,At Risk
C00875,0,9,390497.0,5,5,5,Champions
C00171,102,8,390003.0,3,5,5,Loyal
C00952,233,8,389872.0,2,5,5,At Risk
C01048,60,9,389400.0,3,5,5,Loyal
C00859,278,11,388832.0,1,5,5,At Risk
C00310,138,6,388713.0,2,3,5,At Risk
C00080,27,7,387476.0,4,4,5,Champions
C01192,85,7,387140.0,3,4,5,Loyal
C01281,25,7,384360.0,5,4,5,Champions
C00244,30,5,384297.0,4,3,5,Loyal
C00693,61,9,383565.0,3,5,5,Loyal
C01198,203,7,382507.0,2,4,5,At Risk
C00364,19,8,381877.0,5,5,5,Champions
C00051,252,7,380581.0,1,4,5,At Risk
C01414,72,8,380368.0,3,5,5,Loyal
C01432,101,7,378616.0,3,4,5,Loyal
C00632,404,4,378454.0,1,2,5,Lost / Hibernating
C00278,90,9,378205.0,3,5,5,Loyal
C00334,38,6,378187.0,4,3,5,Loyal
C00620,38,4,377488.0,4,2,5,New / Promising
C00703,29,5,377031.0,4,3,5,Loyal
C00239,496,6,376507.0,1,3,5,At Risk
C00928,393,3,376437.0,1,1,5,Lost / Hibernating
C01340,82,8,376184.0,3,5,5,Loyal
C00789,274,5,376099.0,1,3,5,At Risk
C00682,191,4,375822.0,2,2,5,Lost / Hibernating
C00796,67,7,373082.0,3,4,5,Loyal
C00114,89,8,372109.0,3,5,5,Loyal
C00085,82,9,369737.0,3,5,5,Loyal
C01374,20,7,368841.0,5,4,5,Champions
C00936,178,3,367458.0,2,1,5,Lost / Hibernating
C00871,67,6,366331.0,3,3,5,Loyal
C00901,57,7,365305.0,4,4,5,Champions
C01189,62,6,365130.0,3,3,5,Loyal
C00971,14,7,363292.0,5,4,5,Champions
C01477,29,8,362791.0,4,5,5,Champions
C01173,123,9,360680.0,2,5,5,At Risk
C00802,112,5,359098.0,2,3,5,At Risk
C00557,29,6,358732.0,4,3,5,Loyal
C01247,13,8,357204.0,5,5,5,Champions
C01206,5,6,354112.0,5,3,5,Loyal
C00889,10,7,353247.0,5,4,5,Champions
C00193,6,7,352559.0,5,4,5,Champions
C00738,380,9,352414.0,1,5,5,At Risk
C01042,113,9,351764.0,2,5,5,At Risk
C00429,249,8,350239.0,1,5,5,At Risk
C00169,9,11,349367.0,5,5,5,Champions
C00629,47,6,349110.0,4,3,5,Loyal
C01205,55,7,349092.0,4,4,5,Champions
C01023,477,5,348586.0,1,3,5,At Risk
C00709,85,7,347262.0,3,4,5,Loyal
C00998,4,11,346914.0,5,5,5,Champions
C00291,19,5,345352.0,5,3,5,Loyal
C01180,6,9,344837.0,5,5,5,Champions
C00969,17,10,344355.0,5,5,5,Champions
C00263,46,9,344215.0,4,5,5,Champions
C00892,74,3,343705.0,3,1,5,Needs Attention
C00760,127,7,343692.0,2,4,5,At Risk
C01005,177,9,343430.0,2,5,5,At Risk
C00133,9,8,343115.0,5,5,5,Champions
C00113,58,6,343073.0,4,3,5,Loyal
C00129,198,7,342915.0,2,4,5,At Risk
C01179,239,9,342393.0,1,5,5,At Risk
C00782,59,7,342276.0,4,4,5,Champions
C01224,13,9,341778.0,5,5,5,Champions
C01194,90,7,341656.0,3,4,5,Loyal
C00501,16,7,341523.0,5,4,5,Champions
C01249,65,5,340952.0,3,3,5,Loyal
C00307,17,13,340596.0,5,5,5,Champions
C00730,17,8,340495.0,5,5,5,Champions
C01481,78,9,340351.0,3,5,5,Loyal
C01107,0,11,339758.0,5,5,5,Champions
C00677,30,8,338403.0,4,5,5,Champions
C00911,6,8,337711.0,5,5,5,Champions
C00339,91,8,337702.0,3,5,5,Loyal
C00202,47,7,337546.0,4,4,5,Champions
C01207,32,4,337496.0,4,2,5,New / Promising
C01195,0,9,337077.0,5,5,5,Champions
C00322,159,8,336942.0,2,5,5,At Risk
C00799,81,10,336853.0,3,5,5,Loyal
C00061,64,8,336680.0,3,5,5,Loyal
C01311,83,7,336207.0,3,4,5,Loyal
C00152,101,10,335843.0,3,5,5,Loyal
C00383,92,6,335763.0,3,3,5,Loyal
C00451,34,10,334959.0,4,5,5,Champions
C00258,13,7,333350.0,5,4,5,Champions
C01052,4,9,331901.0,5,5,5,Champions
C00534,275,5,331607.0,1,3,5,At Risk
C01258,54,7,330659.0,4,4,5,Champions
C00361,30,11,330266.0,4,5,5,Champions
C00299,23,10,330204.0,5,5,5,Champions
C00160,26,10,330180.0,5,5,5,Champions
C00769,150,9,330105.0,2,5,5,At Risk
C00407,180,7,328326.0,2,4,5,At Risk
C01304,29,9,327439.0,4,5,5,Champions
C00713,3,8,327316.0,5,5,5,Champions
C01355,93,7,327162.0,3,4,5,Loyal
C00710,2,6,326916.0,5,3,5,Loyal
C00711,51,9,326522.0,4,5,5,Champions
C01080,90,6,326515.0,3,3,5,Loyal
C00197,47,13,326162.0,4,5,5,Champions
C00487,13,8,325971.0,5,5,5,Champions
C00687,36,13,325759.0,4,5,5,Champions
C00806,81,6,325275.0,3,3,5,Loyal
C00784,135,8,324684.0,2,5,5,At Risk
C00050,121,6,324385.0,2,3,5,At Risk
C00006,23,11,323528.0,5,5,5,Champions
C00947,160,5,323457.0,2,3,5,At Risk
C00523,19,11,323340.0,5,5,5,Champions
C00579,26,9,323089.0,5,5,5,Champions
C01105,311,7,322851.0,1,4,5,At Risk
C00651,7,7,322693.0,5,4,5,Champions
C00522,57,9,322585.0,4,5,5,Champions
C00510,93,7,322474.0,3,4,5,Loyal
C00988,189,5,322104.0,2,3,5,At Risk
C00415,181,10,322020.0,2,5,5,At Risk
C01488,38,9,321982.0,4,5,5,Champions
C00896,2,9,321439.0,5,5,5,Champions
C01230,11,8,321412.0,5,5,5,Champions
C00073,36,6,320492.0,4,3,5,Loyal
C01385,239,7,319676.0,1,4,5,At Risk
C00087,52,8,319455.0,4,5,5,Champions
C00924,12,9,318846.0,5,5,5,Champions
C00430,163,7,317943.0,2,4,5,At Risk
C01359,118,8,317537.0,2,5,5,At Risk
C00478,6,12,317505.0,5,5,5,Champions
C00841,197,8,317496.0,2,5,5,At Risk
C01134,249,7,316906.0,1,4,5,At Risk
C01467,35,9,316704.0,4,5,5,Champions
C00776,60,12,316574.0,3,5,5,Loyal
C00550,47,5,316243.0,4,3,5,Loyal
C01344,61,9,315654.0,3,5,5,Loyal
C01485,94,7,315013.0,3,4,5,Loyal
C00463,5,8,314011.0,5,5,5,Champions
C01128,285,8,312606.0,1,5,5,At Risk
C00296,436,5,312179.0,1,3,5,At Risk
C00069,83,8,312047.0,3,5,5,Loyal
C00253,61,5,311883.0,3,3,5,Loyal
C00647,10,7,311167.0,5,4,5,Champions
C00433,132,8,310773.0,2,5,5,At Risk
C00964,7,10,309906.0,5,5,5,Champions
C00053,41,9,309844.0,4,5,5,Champions
C00593,172,9,309788.0,2,5,5,At Risk
C00716,3,10,309670.0,5,5,5,Champions
C01454,54,7,308752.0,4,4,5,Champions
C00247,42,7,308231.0,4,4,5,Champions
C00803,191,6,307158.0,2,3,5,At Risk
C00854,37,9,306653.0,4,5,5,Champions
C00170,30,6,306516.0,4,3,5,Loyal
C01186,3,9,306445.0,5,5,5,Champions
C00780,139,6,305352.0,2,3,5,At Risk
C00704,44,7,304891.0,4,4,5,Champions
C01415,3,6,303883.0,5,3,5,Loyal
C00705,18,7,303067.0,5,4,5,Champions
C01076,77,6,302909.0,3,3,5,Loyal
C01145,63,4,302351.0,3,2,5,Needs Attention
C00551,35,8,301176.0,4,5,4,Champions
C00371,656,4,300663.0,1,2,4,Lost / Hibernating
C00808,40,7,300608.0,4,4,4,Champions
C00919,67,7,300462.0,3,4,4,Loyal
C00691,21,9,299909.0,5,5,4,Champions
C00144,78,6,298762.0,3,3,4,Loyal
C00800,33,7,298282.0,4,4,4,Champions
C00005,89,9,298108.0,3,5,4,Loyal
C00837,43,12,297867.0,4,5,4,Champions
C01063,121,6,297793.0,2,3,4,At Risk
C01036,32,9,297716.0,4,5,4,Champions
C01087,70,8,297531.0,3,5,4,Loyal
C00517,0,8,297078.0,5,5,4,Champions
C01149,86,7,297005.0,3,4,4,Loyal
C01362,310,4,296011.0,1,2,4,Lost / Hibernating
C01354,7,7,295588.0,5,4,4,Champions
C00045,170,5,295583.0,2,3,4,At Risk
C00749,151,6,295409.0,2,3,4,At Risk
C01379,68,11,294500.0,3,5,4,Loyal
C01421,10,10,294090.0,5,5,4,Champions
C00972,155,8,293923.0,2,5,4,At Risk
C00484,111,8,293876.0,3,5,4,Loyal
C00852,29,6,293443.0,4,3,4,Loyal
C00256,90,7,291516.0,3,4,4,Loyal
C00578,110,7,291096.0,3,4,4,Loyal
C00763,50,11,290952.0,4,5,4,Champions
C01001,9,4,289920.0,5,2,4,New / Promising
C00879,36,5,289695.0,4,3,4,Loyal
C00225,41,8,289234.0,4,5,4,Champions
C01465,124,8,289172.0,2,5,4,At Risk
C01003,374,5,288631.0,1,3,4,At Risk
C00221,100,11,288273.0,3,5,4,Loyal
C00023,54,7,286948.0,4,4,4,Champions
C01476,69,7,286891.0,3,4,4,Loyal
C00027,79,4,286835.0,3,2,4,Needs Attention
C00421,34,7,284873.0,4,4,4,Champions
C00444,4,5,284485.0,5,3,4,Loyal
C01217,772,4,283485.0,1,2,4,Lost / Hibernating
C00476,78,8,283064.0,3,5,4,Loyal
C00243,412,4,283009.0,1,2,4,Lost / Hibernating
C00004,77,5,282897.0,3,3,4,Loyal
C00020,420,6,282818.0,1,3,4,At Risk
C01404,24,12,282784.0,5,5,4,Champions
C00571,46,8,282766.0,4,5,4,Champions
C00503,78,5,282696.0,3,3,4,Loyal
C01349,357,6,282638.0,1,3,4,At Risk
C01395,260,8,282489.0,1,5,4,At Risk
C00662,112,5,281481.0,2,3,4,At Risk
C01053,82,11,281047.0,3,5,4,Loyal
C00525,45,13,280374.0,4,5,4,Champions
C01094,63,8,279587.0,3,5,4,Loyal
C00494,59,7,279098.0,4,4,4,Champions
C01243,9,9,279093.0,5,5,4,Champions
C00218,301,12,278595.0,1,5,4,At Risk
C00743,245,6,278337.0,1,3,4,At Risk
C00357,97,7,278234.0,3,4,4,Loyal
C00241,295,7,278159.0,1,4,4,At Risk
C00869,118,7,278010.0,2,4,4,At Risk
C01009,15,9,277841.0,5,5,4,Champions
C01296,9,8,277765.0,5,5,4,Champions
C00824,228,9,277728.0,2,5,4,At Risk
C01114,74,7,276960.0,3,4,4,Loyal
C01171,35,9,275750.0,4,5,4,Champions
C01112,261,9,275221.0,1,5,4,At Risk
C00545,38,7,274778.0,4,4,4,Champions
C00913,86,6,274451.0,3,3,4,Loyal
C01290,14,12,274364.0,5,5,4,Champions
C01357,47,5,273846.0,4,3,4,Loyal
C00759,351,3,273797.0,1,1,4,Lost / Hibernating
C00402,239,10,272142.0,1,5,4,At Risk
C00627,45,4,271713.0,4,2,4,New / Promising
C00450,25,4,271083.0,5,2,4,New / Promising
C00921,2,13,270886.0,5,5,4,Champions
C00922,43,10,270586.0,4,5,4,Champions
C00363,491,4,270543.0,1,2,4,Lost / Hibernating
C00949,184,5,270434.0,2,3,4,At Risk
C00191,125,10,270348.0,2,5,4,At Risk
C00228,33,6,270262.0,4,3,4,Loyal
C00086,127,6,270213.0,2,3,4,At Risk
C00951,67,7,269509.0,3,4,4,Loyal
C00577,235,3,269398.0,2,1,4,Lost / Hibernating
C00727,80,2,269200.0,3,1,4,Needs Attention
C00446,272,8,269145.0,1,5,4,At Risk
C01018,84,7,268759.0,3,4,4,Loyal
C00645,126,6,268357.0,2,3,4,At Risk
C00679,96,5,268329.0,3,3,4,Loyal
C01209,148,7,267250.0,2,4,4,At Risk
C01397,0,6,266835.0,5,3,4,Loyal
C01466,376,6,266724.0,1,3,4,At Risk
C00846,455,5,266520.0,1,3,4,At Risk
C00351,2,6,266469.0,5,3,4,Loyal
C00839,15,9,266175.0,5,5,4,Champions
C00398,181,7,266090.0,2,4,4,At Risk
C01261,62,12,265302.0,3,5,4,Loyal
C01245,258,5,265297.0,1,3,4,At Risk
C01158,71,6,265249.0,3,3,4,Loyal
C00159,94,8,265145.0,3,5,4,Loyal
C00408,81,6,264901.0,3,3,4,Loyal
C00596,153,6,264226.0,2,3,4,At Risk
C01153,32,6,263822.0,4,3,4,Loyal
C00583,27,6,263484.0,4,3,4,Loyal
C00046,8,5,261604.0,5,3,4,Loyal
C00460,78,3,261340.0,3,1,4,Needs Attention
C00469,28,13,261057.0,4,5,4,Champions
C01315,5,5,260762.0,5,3,4,Loyal
C00978,103,8,260607.0,3,5,4,Loyal
C00885,41,8,260193.0,4,5,4,Champions
C00110,113,8,259839.0,2,5,4,At Risk
C01342,242,11,259800.0,1,5,4,At Risk
C01242,411,11,259669.0,1,5,4,At Risk
C01026,66,9,259597.0,3,5,4,Loyal
C01310,115,6,259038.0,2,3,4,At Risk
C00754,179,5,258717.0,2,3,4,At Risk
C00470,238,14,258457.0,1,5,4,At Risk
C00294,74,7,258224.0,3,4,4,Loyal
C01284,1,5,257620.0,5,3,4,Loyal
C00752,152,10,257473.0,2,5,4,At Risk
C00912,35,10,257420.0,4,5,4,Champions
C00232,147,6,257220.0,2,3,4,At Risk
C00983,74,9,257092.0,3,5,4,Loyal
C01455,75,8,256667.0,3,5,4,Loyal
C00163,44,7,256579.0,4,4,4,Champions
C01316,15,5,256508.0,5,3,4,Loyal
C00690,133,8,255860.0,2,5,4,At Risk
C00736,48,7,254417.0,4,4,4,Champions
C00836,405,8,253847.0,1,5,4,At Risk
C01456,533,5,253416.0,1,3,4,At Risk
C00277,7,9,251810.0,5,5,4,Champions
C01343,120,8,251720.0,2,4,4,At Risk
C00136,116,7,251651.0,2,4,4,At Risk
C00842,171,6,251413.0,2,3,4,At Risk
C00568,35,6,251391.0,4,3,4,Loyal
C00907,20,5,251325.0,5,3,4,Loyal
C00514,94,8,251266.0,3,4,4,Loyal
C00540,12,4,250984.0,5,2,4,New / Promising
C00613,111,6,250982.0,3,3,4,Loyal
C00315,51,8,250887.0,4,4,4,Champions
C00649,79,9,250305.0,3,5,4,Loyal
C01183,63,7,249980.0,3,4,4,Loyal
C01204,8,11,249959.0,5,5,4,Champions
C00060,221,5,249653.0,2,3,4,At Risk
C00125,11,7,249632.0,5,4,4,Champions
C00274,19,5,249401.0,5,3,4,Loyal
C00220,50,8,249345.0,4,4,4,Champions
C00661,11,6,248871.0,5,3,4,Loyal
C00931,74,9,248823.0,3,5,4,Loyal
C00211,116,10,247658.0,2,5,4,At Risk
C00146,111,8,247394.0,3,4,4,Loyal
C00905,412,6,247367.0,1,3,4,At Risk
C01167,43,7,246882.0,4,4,4,Champions
C00432,407,3,246840.0,1,1,4,Lost / Hibernating
C01142,170,8,246795.0,2,4,4,At Risk
C00490,78,8,246670.0,3,4,4,Loyal
C00626,99,5,246546.0,3,3,4,Loyal
C01268,141,7,246440.0,2,4,4,At Risk
C00795,8,8,246323.0,5,4,4,Champions
C00236,356,11,245669.0,1,5,4,At Risk
C00099,81,4,245642.0,3,2,4,Needs Attention
C00539,5,8,245491.0,5,4,4,Champions
C01123,29,5,245425.0,4,3,4,Loyal
C00674,81,5,244396.0,3,3,4,Loyal
C00440,381,6,244328.0,1,3,4,At Risk
C00083,63,6,244154.0,3,3,4,Loyal
C00915,22,9,244059.0,5,5,4,Champions
C01019,143,5,243941.0,2,3,4,At Risk
C01391,36,8,243672.0,4,4,4,Champions
C00642,86,12,243518.0,3,5,4,Loyal
C00003,272,7,242299.0,1,4,4,At Risk
C00621,107,8,242259.0,3,4,4,Loyal
C00655,38,7,241715.0,4,4,4,Champions
C00468,403,6,241562.0,1,3,4,At Risk
C00866,190,5,240870.0,2,3,4,At Risk
C00134,7,5,240614.0,5,3,4,Loyal
C00698,28,5,240463.0,4,3,4,Loyal
C00499,70,9,240431.0,3,5,4,Loyal
C01196,86,6,239576.0,3,3,4,Loyal
C01022,27,8,239491.0,4,4,4,Champions
C01291,0,7,239283.0,5,4,4,Champions
C01165,6,6,239020.0,5,3,4,Loyal
C00538,73,6,238834.0,3,3,4,Loyal
C00054,70,6,238578.0,3,3,4,Loyal
C00975,36,6,238454.0,4,3,4,Loyal
C01137,78,9,238291.0,3,5,4,Loyal
C00878,46,7,238214.0,4,4,4,Champions
C01193,96,7,236454.0,3,4,4,Loyal
C01426,139,5,235550.0,2,2,4,Lost / Hibernating
C00328,154,6,235511.0,2,3,4,At Risk
C01064,119,2,235425.0,2,1,4,Lost / Hibernating
C00895,10,6,235239.0,5,3,4,Loyal
C00065,31,5,234124.0,4,2,4,New / Promising
C00536,302,6,233849.0,1,3,4,At Risk
C00015,0,7,233609.0,5,4,4,Champions
C00422,131,5,233382.0,2,2,4,Lost / Hibernating
C00235,108,4,232883.0,3,2,4,Needs Attention
C00559,67,5,232815.0,3,2,4,Needs Attention
C00173,3,6,232438.0,5,3,4,Loyal
C01350,82,6,231937.0,3,3,4,Loyal
C00011,22,7,231830.0,5,4,4,Champions
C00249,42,4,231808.0,4,2,4,New / Promising
C00652,30,8,231404.0,4,4,4,Champions
C00040,83,6,231238.0,3,3,4,Loyal
C00187,58,7,231110.0,4,4,4,Champions
C00342,167,6,231053.0,2,3,4,At Risk
C00017,44,8,230810.0,4,4,4,Champions
C00847,233,5,230739.0,2,2,4,Lost / Hibernating
C00962,39,4,229905.0,4,2,4,New / Promising
C00999,12,8,229749.0,5,4,4,Champions
C01484,144,6,229572.0,2,3,4,At Risk
C00739,25,5,229455.0,5,2,4,New / Promising
C00214,153,6,229377.0,2,3,4,At Risk
C01460,26,7,229165.0,4,4,4,Champions
C00758,9,7,229060.0,5,4,4,Champions
C00898,119,11,228684.0,2,5,4,At Risk
C01201,27,6,228678.0,4,3,4,Loyal
C00297,95,7,228155.0,3,4,4,Loyal
C00930,15,11,228053.0,5,5,4,Champions
C01441,261,4,227739.0,1,2,4,Lost / Hibernating
C01305,29,6,227570.0,4,3,4,Loyal
C01468,9,9,227345.0,5,5,4,Champions
C00036,255,5,227255.0,1,2,4,Lost / Hibernating
C00279,145,6,226970.0,2,3,4,At Risk
C00872,97,2,226535.0,3,1,4,Needs Attention
C00943,57,7,226531.0,4,4,4,Champions
C00505,74,4,226194.0,3,2,4,Needs Attention
C00688,377,4,225431.0,1,2,4,Lost / Hibernating
C00318,20,10,225107.0,5,5,4,Champions
C01327,52,6,225089.0,4,3,4,Loyal
C00485,467,7,224949.0,1,4,4,At Risk
C01108,24,5,224871.0,5,2,4,New / Promising
C00389,112,9,224687.0,3,5,4,Loyal
C00890,139,6,224503.0,2,3,4,At Risk
C00946,242,6,224251.0,1,3,4,At Risk
C00602,155,7,224029.0,2,4,4,At Risk
C00573,53,7,223711.0,4,4,4,Champions
C00090,47,8,223578.0,4,4,4,Champions
C00397,50,10,223127.0,4,5,4,Champions
C00786,67,7,222881.0,3,4,4,Loyal
C00654,564,6,222878.0,1,3,4,At Risk
C00206,48,6,222729.0,4,3,4,Loyal
C00186,291,5,222225.0,1,2,4,Lost / Hibernating
C00302,185,9,221284.0,2,5,4,At Risk
C01453,33,6,221193.0,4,3,4,Loyal
C00481,21,6,220929.0,5,3,4,Loyal
C01495,33,7,220861.0,4,4,4,Champions
C00092,147,7,220537.0,2,4,4,At Risk
C00472,63,6,220511.0,3,3,4,Loyal
C01226,14,9,220332.0,5,5,4,Champions
C01424,102,8,219598.0,3,4,4,Loyal
C01451,29,6,219267.0,4,3,4,Loyal
C00158,186,5,219227.0,2,2,4,Lost / Hibernating
C00861,83,6,218956.0,3,3,4,Loyal
C00767,134,6,218655.0,2,3,4,At Risk
C01043,11,7,218366.0,5,4,4,Champions
C01160,31,8,218202.0,4,4,4,Champions
C00367,619,3,218094.0,1,1,4,Lost / Hibernating
C01109,389,9,217625.0,1,5,4,At Risk
C01138,28,5,217617.0,4,2,4,New / Promising
C00778,204,5,217315.0,2,2,4,Lost / Hibernating
C01274,147,2,217135.0,2,1,4,Lost / Hibernating
C00313,54,12,216934.0,4,5,4,Champions
C00076,9,7,216064.0,5,4,4,Champions
C00399,102,7,215861.0,3,4,4,Loyal
C00166,53,5,215430.0,4,2,4,New / Promising
C00009,35,7,215136.0,4,4,4,Champions
C00617,406,5,214548.0,1,2,4,Lost / Hibernating
C00723,13,8,214523.0,5,4,4,Champions
C00293,111,8,214412.0,3,4,4,Loyal
C00594,198,3,214117.0,2,1,4,Lost / Hibernating
C00669,643,5,213986.0,1,2,4,Lost / Hibernating
C00386,182,4,213815.0,2,2,4,Lost / Hibernating
C00077,21,4,213552.0,5,2,4,New / Promising
C01422,237,8,212917.0,2,4,4,At Risk
C01479,104,7,212606.0,3,4,4,Loyal
C00419,299,7,212260.0,1,4,4,At Risk
C00188,17,10,211932.0,5,5,4,Champions
C00215,154,4,211769.0,2,2,4,Lost / Hibernating
C00205,120,7,211034.0,2,4,4,At Risk
C01336,300,3,210963.0,1,1,4,Lost / Hibernating
C01000,54,5,210806.0,4,2,4,New / Promising
C01326,30,9,210760.0,4,5,4,Champions
C00255,88,8,210601.0,3,4,4,Loyal
C00175,175,6,210236.0,2,3,4,At Risk
C00945,119,3,210129.0,2,1,4,Lost / Hibernating
C01394,45,7,209259.0,4,4,4,Champions
C00306,228,7,209256.0,2,4,4,At Risk
C00477,373,7,209129.0,1,4,4,At Risk
C01188,73,8,209091.0,3,4,4,Loyal
C00457,51,11,208865.0,4,5,4,Champions
C00798,298,7,208542.0,1,4,4,At Risk
C01208,24,5,208466.0,5,2,4,New / Promising
C00966,44,9,208359.0,4,5,4,Champions
C01273,174,9,207846.0,2,5,4,At Risk
C01387,57,4,206988.0,4,2,4,New / Promising
C00107,7,7,206921.0,5,4,4,Champions
C00030,230,9,206869.0,2,5,4,At Risk
C00324,320,3,206862.0,1,1,4,Lost / Hibernating
C00314,5,8,206756.0,5,4,4,Champions
C00056,21,6,205904.0,5,3,4,Loyal
C01234,54,7,205390.0,4,4,4,Champions
C00565,270,7,205318.0,1,4,3,At Risk
C00636,27,8,205112.0,4,4,3,Loyal
C00906,18,9,204374.0,5,5,3,Loyal
C00292,57,6,203162.0,4,3,3,Loyal
C00461,311,5,203107.0,1,2,3,Lost / Hibernating
C00400,427,4,202731.0,1,2,3,Lost / Hibernating
C01378,1,5,202647.0,5,2,3,New / Promising
C00276,95,7,202542.0,3,4,3,Loyal
C00521,57,7,202162.0,4,4,3,Loyal
C00519,274,8,202132.0,1,4,3,At Risk
C01002,303,8,201473.0,1,4,3,At Risk
C00939,53,6,201377.0,4,3,3,Loyal
C01322,56,7,200413.0,4,4,3,Loyal
C00333,377,6,200350.0,1,3,3,At Risk
C00570,159,5,200102.0,2,2,3,Lost / Hibernating
C00610,35,9,199939.0,4,5,3,Loyal
C00823,226,4,199600.0,2,2,3,Lost / Hibernating
C01030,91,7,199547.0,3,4,3,Loyal
C00622,274,3,199523.0,1,1,3,Lost / Hibernating
C00074,65,5,198977.0,3,2,3,Needs Attention
C01058,26,9,198772.0,5,5,3,Loyal
C00585,0,7,198221.0,5,4,3,Loyal
C00360,240,7,197159.0,1,4,3,At Risk
C00199,23,4,197119.0,5,2,3,New / Promising
C00757,300,5,196879.0,1,2,3,Lost / Hibernating
C00722,33,8,196624.0,4,4,3,Loyal
C01360,43,5,196548.0,4,2,3,New / Promising
C00681,638,3,196154.0,1,1,3,Lost / Hibernating
C01120,398,4,195974.0,1,2,3,Lost / Hibernating
C00829,380,11,195910.0,1,5,3,At Risk
C00958,57,4,195770.0,4,2,3,New / Promising
C01293,17,9,195446.0,5,5,3,Loyal
C00270,58,7,195267.0,4,4,3,Loyal
C00843,162,5,194793.0,2,2,3,Lost / Hibernating
C01099,131,6,194389.0,2,3,3,At Risk
C00537,88,6,194257.0,3,3,3,Loyal
C00639,1,10,194046.0,5,5,3,Loyal
C00562,292,3,193473.0,1,1,3,Lost / Hibernating
C00725,79,11,193399.0,3,5,3,Loyal
C01082,56,9,193236.0,4,5,3,Loyal
C00283,29,6,193116.0,4,3,3,Loyal
C00533,62,6,192853.0,3,3,3,Loyal
C01500,2,8,192259.0,5,4,3,Loyal
C00950,17,8,191799.0,5,4,3,Loyal
C00044,182,5,191690.0,2,2,3,Lost / Hibernating
C00761,3,7,191363.0,5,4,3,Loyal
C00041,45,7,190936.0,4,4,3,Loyal
C00181,95,6,190749.0,3,3,3,Loyal
C00480,378,4,190233.0,1,2,3,Lost / Hibernating
C01169,38,6,189847.0,4,3,3,Loyal
C00037,60,7,189736.0,3,4,3,Loyal
C00393,268,4,189289.0,1,2,3,Lost / Hibernating
C01371,356,7,189137.0,1,4,3,At Risk
C00416,210,7,188975.0,2,4,3,At Risk
C00678,39,9,188887.0,4,5,3,Loyal
C01341,152,10,188555.0,2,5,3,At Risk
C01081,40,11,188232.0,4,5,3,Loyal
C00887,369,3,188161.0,1,1,3,Lost / Hibernating
C00135,414,5,188021.0,1,2,3,Lost / Hibernating
C00428,133,6,188008.0,2,3,3,At Risk
C01172,140,6,187580.0,2,3,3,At Risk
C01177,53,2,187244.0,4,1,3,New / Promising
C00174,59,4,186538.0,3,2,3,Needs Attention
C00126,171,8,186420.0,2,4,3,At Risk
C01292,121,5,186070.0,2,2,3,Lost / Hibernating
C01462,238,5,186061.0,1,2,3,Lost / Hibernating
C00737,349,7,185848.0,1,4,3,At Risk
C01013,26,9,185383.0,5,5,3,Loyal
C01437,30,6,185328.0,4,3,3,Loyal
C00511,32,6,185016.0,4,3,3,Loyal
C01487,94,6,184635.0,3,3,3,Loyal
C01435,226,9,184497.0,2,5,3,At Risk
C01401,167,8,184360.0,2,4,3,At Risk
C00607,96,6,184302.0,3,3,3,Loyal
C01333,58,8,184101.0,4,4,3,Loyal
C00436,16,5,183621.0,5,2,3,New / Promising
C01041,57,8,183461.0,4,4,3,Loyal
C00303,169,7,183231.0,2,4,3,At Risk
C01276,41,5,182851.0,4,2,3,New / Promising
C00177,377,5,182440.0,1,2,3,Lost / Hibernating
C00783,234,7,182202.0,2,4,3,At Risk
C00262,11,6,181682.0,5,3,3,Loyal
C00960,496,4,181403.0,1,2,3,Lost / Hibernating
C01214,23,7,181160.0,5,4,3,Loyal
C01463,0,5,181101.0,5,2,3,New / Promising
C00750,48,7,181085.0,4,4,3,Loyal
C01044,157,6,181018.0,2,3,3,At Risk
C00311,52,4,180534.0,4,2,3,New / Promising
C00326,124,6,180471.0,2,3,3,At Risk
C00413,277,3,180402.0,1,1,3,Lost / Hibernating
C00715,487,4,180014.0,1,2,3,Lost / Hibernating
C01353,129,10,179892.0,2,5,3,At Risk
C00628,35,6,179223.0,4,3,3,Loyal
C01017,3,8,178985.0,5,4,3,Loyal
C00459,35,6,178352.0,4,3,3,Loyal
C01024,182,4,178187.0,2,2,3,Lost / Hibernating
C00455,28,8,178085.0,4,4,3,Loyal
C00103,79,5,177995.0,3,2,3,Needs Attention
C00666,397,2,177813.0,1,1,3,Lost / Hibernating
C00996,15,9,177766.0,5,5,3,Loyal
C00224,110,6,177692.0,3,3,3,Loyal
C01470,55,6,177682.0,4,3,3,Loyal
C01278,129,6,177365.0,2,3,3,At Risk
C00953,38,9,176894.0,4,5,3,Loyal
C00269,454,2,176856.0,1,1,3,Lost / Hibernating
C00858,44,6,176422.0,4,3,3,Loyal
C00280,599,4,176345.0,1,2,3,Lost / Hibernating
C00095,183,5,176311.0,2,2,3,Lost / Hibernating
C00853,39,4,176025.0,4,2,3,New / Promising
C00746,110,10,175998.0,3,5,3,Loyal
C00497,30,9,175896.0,4,5,3,Loyal
C00888,69,9,175440.0,3,5,3,Loyal
C00317,15,4,175411.0,5,2,3,New / Promising
C00066,101,8,175371.0,3,4,3,Loyal
C00001,429,6,175331.0,1,3,3,At Risk
C00788,105,8,174626.0,3,4,3,Loyal
C00787,416,6,174587.0,1,3,3,At Risk
C00039,28,8,174570.0,4,4,3,Loyal
C01375,136,4,174341.0,2,2,3,Lost / Hibernating
C00417,18,5,174257.0,5,2,3,New / Promising
C00623,59,7,174253.0,4,4,3,Loyal
C00424,80,6,174229.0,3,3,3,Loyal
C01337,174,8,174025.0,2,4,3,At Risk
C00580,79,4,173999.0,3,2,3,Needs Attention
C01368,87,5,173601.0,3,2,3,Needs Attention
C00686,47,6,173390.0,4,3,3,Loyal
C00729,114,4,172951.0,2,2,3,Lost / Hibernating
C01298,352,5,172826.0,1,2,3,Lost / Hibernating
C01008,71,4,172665.0,3,2,3,Needs Attention
C01057,279,5,172184.0,1,2,3,Lost / Hibernating
C00155,76,11,171574.0,3,5,3,Loyal
C00771,14,6,171159.0,5,3,3,Loyal
C00032,37,4,171084.0,4,2,3,New / Promising
C00265,33,5,170721.0,4,2,3,New / Promising
C00699,14,2,170676.0,5,1,3,New / Promising
C01118,63,7,170375.0,3,4,3,Loyal
C00874,145,8,170081.0,2,4,3,At Risk
C00563,5,9,169578.0,5,5,3,Loyal
C00466,326,6,169336.0,1,3,3,At Risk
C00384,416,3,169296.0,1,1,3,Lost / Hibernating
C01062,204,8,169136.0,2,4,3,At Risk
C00323,92,9,169136.0,3,5,3,Loyal
C00079,275,6,169032.0,1,3,3,At Risk
C00213,223,5,168749.0,2,2,3,Lost / Hibernating
C01386,12,6,168616.0,5,3,3,Loyal
C01361,611,4,168587.0,1,2,3,Lost / Hibernating
C01494,74,11,168367.0,3,5,3,Loyal
C01031,8,5,168356.0,5,2,3,New / Promising
C00101,233,6,167541.0,2,3,3,At Risk
C01086,61,4,167203.0,3,2,3,Needs Attention
C01212,70,5,167166.0,3,2,3,Needs Attention
C01236,49,6,167101.0,4,3,3,Loyal
C00990,213,7,166755.0,2,4,3,At Risk
C00267,441,6,166638.0,1,3,3,At Risk
C00018,2,6,166616.0,5,3,3,Loyal
C00330,167,8,166531.0,2,4,3,At Risk
C00830,46,2,166304.0,4,1,3,New / Promising
C00968,245,6,166132.0,1,3,3,At Risk
C00190,0,6,165733.0,5,3,3,Loyal
C01272,165,4,165666.0,2,2,3,Lost / Hibernating
C01366,142,8,165582.0,2,4,3,At Risk
C00942,195,7,165529.0,2,4,3,At Risk
C00932,80,7,165404.0,3,4,3,Loyal
C01223,18,10,165398.0,5,5,3,Loyal
C00025,36,7,164798.0,4,4,3,Loyal
C00151,20,7,164596.0,5,4,3,Loyal
C01025,63,7,164561.0,3,4,3,Loyal
C01150,108,5,164549.0,3,2,3,Needs Attention
C01155,35,3,164519.0,4,1,3,New / Promising
C00660,84,5,164459.0,3,2,3,Needs Attention
C01320,34,8,164317.0,4,4,3,Loyal
C01098,84,7,164266.0,3,4,3,Loyal
C00368,53,10,164077.0,4,5,3,Loyal
C01161,58,8,163628.0,4,4,3,Loyal
C01061,5,9,163566.0,5,5,3,Loyal
C01132,301,5,163447.0,1,2,3,Lost / Hibernating
C00217,35,4,163170.0,4,2,3,New / Promising
C00331,15,5,163073.0,5,2,3,New / Promising
C00991,52,6,162746.0,4,3,3,Loyal
C00805,250,5,161873.0,1,2,3,Lost / Hibernating
C00672,1,7,161550.0,5,4,3,Loyal
C01329,61,9,161344.0,3,5,3,Loyal
C00445,75,6,161171.0,3,3,3,Loyal
C00230,302,9,161051.0,1,5,3,At Risk
C00271,109,6,160925.0,3,3,3,Loyal
C00423,43,10,160718.0,4,5,3,Loyal
C01287,174,6,160359.0,2,3,3,At Risk
C01413,431,3,160262.0,1,1,3,Lost / Hibernating
C00250,175,8,160000.0,2,4,3,At Risk
C01126,75,9,159913.0,3,5,3,Loyal
C00609,16,4,159717.0,5,2,3,New / Promising
C01352,289,7,159605.0,1,4,3,At Risk
C00147,118,6,159352.0,2,3,3,At Risk
C00127,61,6,159216.0,3,3,3,Loyal
C00855,208,6,159121.0,2,3,3,At Risk
C00100,210,7,159073.0,2,4,3,At Risk
C00153,3,5,158992.0,5,2,3,New / Promising
C00319,896,3,158985.0,1,1,3,Lost / Hibernating
C00028,13,2,158970.0,5,1,3,New / Promising
C00556,21,5,158945.0,5,2,3,New / Promising
C00515,125,6,158889.0,2,3,3,At Risk
C00448,108,8,158882.0,3,4,3,Loyal
C01369,346,2,158355.0,1,1,3,Lost / Hibernating
C00176,464,3,158322.0,1,1,3,Lost / Hibernating
C01070,122,6,157706.0,2,3,3,At Risk
C01308,137,6,157651.0,2,3,3,At Risk
C00304,54,6,157553.0,4,3,3,Loyal
C00903,19,5,157077.0,5,2,3,New / Promising
C00358,28,4,157065.0,4,2,3,New / Promising
C00201,262,5,157030.0,1,2,3,Lost / Hibernating
C00598,717,3,156495.0,1,1,3,Lost / Hibernating
C01251,40,7,156272.0,4,4,3,Loyal
C01016,33,9,156272.0,4,5,3,Loyal
C00449,38,7,155889.0,4,4,3,Loyal
C01303,297,9,155794.0,1,5,3,At Risk
C00657,34,6,155472.0,4,3,3,Loyal
C01011,378,6,154790.0,1,3,3,At Risk
C00992,266,5,154585.0,1,2,3,Lost / Hibernating
C00965,87,7,154445.0,3,4,3,Loyal
C00482,63,4,154238.0,3,2,3,Needs Attention
C00883,26,5,153828.0,4,2,3,New / Promising
C01400,71,6,153166.0,3,3,3,Loyal
C01363,171,7,153053.0,2,4,3,At Risk
C01254,174,10,152647.0,2,5,3,At Risk
C00209,37,6,152493.0,4,3,3,Loyal
C00835,278,7,152402.0,1,4,3,At Risk
C01358,320,9,152287.0,1,5,3,At Risk
C01302,22,8,152171.0,5,4,3,Loyal
C01282,8,4,151984.0,5,2,3,New / Promising
C00881,99,4,151717.0,3,2,3,Needs Attention
C00700,48,6,151717.0,4,3,3,Loyal
C00528,125,6,151713.0,2,3,3,At Risk
C00867,117,6,151300.0,2,3,3,At Risk
C01301,232,8,151172.0,2,4,3,At Risk
C00994,277,5,151089.0,1,2,3,Lost / Hibernating
C00309,159,7,149979.0,2,4,3,At Risk
C01364,17,8,149793.0,5,4,3,Loyal
C00588,82,5,149756.0,3,2,3,Needs Attention
C01469,25,8,149713.0,5,4,3,Loyal
C00543,200,10,149467.0,2,5,3,At Risk
C00374,65,6,149230.0,3,3,3,Loyal
C00483,26,4,149185.0,4,2,3,New / Promising
C01039,105,4,148972.0,3,2,3,Needs Attention
C01263,301,6,148892.0,1,3,3,At Risk
C00529,70,6,148880.0,3,3,3,Loyal
C00838,137,5,148410.0,2,2,3,Lost / Hibernating
C00549,114,4,148397.0,2,2,3,Lost / Hibernating
C01307,61,6,148379.0,3,3,3,Loyal
C01119,92,4,148303.0,3,2,3,Needs Attention
C00532,132,7,148297.0,2,4,3,At Risk
C01168,7,9,147972.0,5,5,3,Loyal
C00857,16,8,147551.0,5,4,3,Loyal
C00811,9,7,147188.0,5,4,3,Loyal
C01339,3,8,147133.0,5,4,3,Loyal
C01141,243,8,147130.0,1,4,3,At Risk
C00042,540,7,146229.0,1,4,3,At Risk
C00587,140,7,146201.0,2,4,3,At Risk
C01130,369,5,146023.0,1,2,3,Lost / Hibernating
C00479,420,7,145871.0,1,4,3,At Risk
C00809,5,6,145513.0,5,3,3,Loyal
C01496,23,8,145425.0,5,4,3,Loyal
C00957,2,6,145292.0,5,3,3,Loyal
C00891,227,5,145006.0,2,2,3,Lost / Hibernating
C00815,11,6,144856.0,5,3,3,Loyal
C00813,97,8,144287.0,3,4,3,Loyal
C01297,0,7,144111.0,5,4,3,Loyal
C01046,3,5,143846.0,5,2,3,New / Promising
C01427,19,7,143216.0,5,4,3,Loyal
C01159,161,4,142934.0,2,2,3,Lost / Hibernating
C00365,91,6,142810.0,3,3,3,Loyal
C01054,585,2,142794.0,1,1,3,Lost / Hibernating
C00929,392,3,142687.0,1,1,3,Lost / Hibernating
C00341,2,9,142573.0,5,5,3,Loyal
C00914,31,6,142521.0,4,3,3,Loyal
C01277,62,5,142254.0,3,2,3,Needs Attention
C00462,46,5,142074.0,4,2,3,New / Promising
C00851,26,7,141887.0,4,4,3,Loyal
C00589,39,6,141519.0,4,3,3,Loyal
C01190,271,5,141465.0,1,2,3,Lost / Hibernating
C00142,124,3,141197.0,2,1,3,Lost / Hibernating
C01197,10,7,141041.0,5,4,3,Loyal
C00718,31,10,140625.0,4,5,3,Loyal
C01445,38,7,140599.0,4,4,3,Loyal
C00612,18,8,140565.0,5,4,3,Loyal
C01034,402,4,140428.0,1,2,3,Lost / Hibernating
C01113,80,8,140408.0,3,4,3,Loyal
C00684,180,5,140138.0,2,2,3,Lost / Hibernating
C01075,100,5,140130.0,3,2,3,Needs Attention
C00198,388,5,140096.0,1,2,3,Lost / Hibernating
C00541,316,7,139327.0,1,4,3,At Risk
C01390,212,8,139155.0,2,4,3,At Risk
C00544,84,6,138971.0,3,3,3,Loyal
C00840,390,2,138862.0,1,1,3,Lost / Hibernating
C00208,83,7,138597.0,3,4,3,Loyal
C00618,34,5,138559.0,4,2,3,New / Promising
C00288,96,5,138507.0,3,2,3,Needs Attention
C01199,60,8,138498.0,3,4,3,Loyal
C00128,20,7,138330.0,5,4,3,Loyal
C00882,156,4,138176.0,2,2,3,Lost / Hibernating
C00849,90,6,137579.0,3,3,3,Loyal
C00182,52,8,137492.0,4,4,2,Loyal
C00675,103,9,137293.0,3,5,2,Loyal
C00717,141,6,137290.0,2,3,2,At Risk
C00772,203,11,137095.0,2,5,2,At Risk
C00495,100,4,136949.0,3,2,2,Needs Attention
C01398,409,6,136935.0,1,3,2,At Risk
C00989,73,5,136666.0,3,2,2,Needs Attention
C00021,69,7,136618.0,3,4,2,Loyal
C00084,146,7,136614.0,2,4,2,At Risk
C00600,207,6,136361.0,2,3,2,At Risk
C00624,22,6,136235.0,5,3,2,Loyal
C00646,274,3,135784.0,1,1,2,Lost / Hibernating
C01381,3,4,135769.0,5,2,2,New / Promising
C00109,42,4,135608.0,4,2,2,New / Promising
C00599,238,4,135603.0,1,2,2,Lost / Hibernating
C01045,91,6,135533.0,3,3,2,Loyal
C00656,421,6,135509.0,1,3,2,At Risk
C01314,194,7,135358.0,2,4,2,At Risk
C00548,51,7,135150.0,4,4,2,Loyal
C00401,26,9,135077.0,4,5,2,Loyal
C00272,71,4,134905.0,3,2,2,Needs Attention
C01101,58,4,134497.0,4,2,2,New / Promising
C01266,64,5,134466.0,3,2,2,Needs Attention
C00826,0,5,134393.0,5,2,2,New / Promising
C01219,24,7,134135.0,5,4,2,Loyal
C01380,52,6,134047.0,4,3,2,Loyal
C00605,1,9,134015.0,5,5,2,Loyal
C00742,113,2,133941.0,2,1,2,Lost / Hibernating
C01133,104,10,133823.0,3,5,2,Loyal
C00520,44,4,133753.0,4,2,2,New / Promising
C00359,92,6,133411.0,3,3,2,Loyal
C01125,366,5,133337.0,1,2,2,Lost / Hibernating
C00264,32,6,133284.0,4,3,2,Loyal
C01403,89,5,133276.0,3,2,2,Needs Attention
C01438,23,4,133207.0,5,2,2,New / Promising
C00082,3,5,133130.0,5,2,2,New / Promising
C00443,118,5,132651.0,2,2,2,Lost / Hibernating
C01419,19,6,132232.0,5,3,2,Loyal
C01084,6,6,132066.0,5,3,2,Loyal
C00959,18,5,132056.0,5,2,2,New / Promising
C01095,57,6,131547.0,4,3,2,Loyal
C00934,8,8,131279.0,5,4,2,Loyal
C00801,183,3,131256.0,2,1,2,Lost / Hibernating
C00072,28,3,130852.0,4,1,2,New / Promising
C01116,144,8,130661.0,2,4,2,At Risk
C00673,238,4,130568.0,1,2,2,Lost / Hibernating
C00937,20,7,130568.0,5,4,2,Loyal
C01447,62,7,130498.0,3,4,2,Loyal
C01433,54,5,130080.0,4,2,2,New / Promising
C00118,9,6,129990.0,5,3,2,Loyal
C01174,57,6,129305.0,4,3,2,Loyal
C01318,66,4,129085.0,3,2,2,Needs Attention
C01279,805,1,128922.0,1,1,2,Lost / Hibernating
C01122,183,6,128681.0,2,3,2,At Risk
C00956,0,4,128572.0,5,2,2,New / Promising
C01300,38,5,128420.0,4,2,2,New / Promising
C00868,163,6,127868.0,2,3,2,At Risk
C00985,22,5,127417.0,5,2,2,New / Promising
C01356,524,5,127221.0,1,2,2,Lost / Hibernating
C01283,22,9,126319.0,5,5,2,Loyal
C00154,251,5,124740.0,1,2,2,Lost / Hibernating
C00486,431,6,124510.0,1,3,2,At Risk
C01131,15,6,124118.0,5,3,2,Loyal
C01010,27,4,123677.0,4,2,2,New / Promising
C01497,96,9,123669.0,3,5,2,Loyal
C00355,64,7,123654.0,3,4,2,Loyal
C00336,318,7,123469.0,1,4,2,At Risk
C01399,43,4,123299.0,4,2,2,New / Promising
C00909,263,3,123002.0,1,1,2,Lost / Hibernating
C01129,93,9,122930.0,3,5,2,Loyal
C01431,170,9,122847.0,2,5,2,At Risk
C01321,131,6,122812.0,2,3,2,At Risk
C00435,95,6,122552.0,3,3,2,Loyal
C01248,18,6,122551.0,5,3,2,Loyal
C00352,158,6,122355.0,2,3,2,At Risk
C01202,18,9,122102.0,5,5,2,Loyal
C01491,33,6,121286.0,4,3,2,Loyal
C00720,67,4,121060.0,3,2,2,Needs Attention
C00512,34,4,120133.0,4,2,2,New / Promising
C00908,376,4,119999.0,1,2,2,Lost / Hibernating
C01029,163,4,119952.0,2,2,2,Lost / Hibernating
C00773,115,2,119768.0,2,1,2,Lost / Hibernating
C00019,24,6,119678.0,5,3,2,Loyal
C01210,214,5,119670.0,2,2,2,Lost / Hibernating
C01106,304,6,119473.0,1,3,2,At Risk
C00266,36,4,119433.0,4,2,2,New / Promising
C00707,11,9,119276.0,5,5,2,Loyal
C00447,33,7,119151.0,4,4,2,Loyal
C01338,93,9,118885.0,3,5,2,Loyal
C00350,36,6,118634.0,4,3,2,Loyal
C01121,449,3,118538.0,1,1,2,Lost / Hibernating
C01151,13,5,118363.0,5,2,2,New / Promising
C01319,231,6,118270.0,2,3,2,At Risk
C00168,138,5,118249.0,2,2,2,Lost / Hibernating
C00308,59,6,117858.0,3,3,2,Loyal
C01402,212,4,117563.0,2,2,2,Lost / Hibernating
C01275,24,7,117442.0,5,4,2,Loyal
C00116,28,6,117324.0,4,3,2,Loyal
C00751,290,5,117308.0,1,2,2,Lost / Hibernating
C00031,34,4,117151.0,4,2,2,New / Promising
C01439,199,6,117012.0,2,3,2,At Risk
C00507,15,7,116631.0,5,4,2,Loyal
C01240,166,5,116480.0,2,2,2,Lost / Hibernating
C00827,60,3,116318.0,3,1,2,Needs Attention
C00530,218,4,115741.0,2,2,2,Lost / Hibernating
C01490,8,5,115422.0,5,2,2,New / Promising
C01464,150,4,115352.0,2,2,2,Lost / Hibernating
C01299,160,6,114483.0,2,3,2,At Risk
C00375,17,9,114369.0,5,5,2,Loyal
C00741,211,8,114265.0,2,4,2,At Risk
C00804,181,8,114224.0,2,4,2,At Risk
C01021,375,3,114199.0,1,1,2,Lost / Hibernating
C01213,64,11,114165.0,3,5,2,Loyal
C00123,56,4,114148.0,4,2,2,New / Promising
C01442,25,8,113943.0,5,4,2,Loyal
C00392,71,5,113899.0,3,2,2,Needs Attention
C01428,358,3,113591.0,1,1,2,Lost / Hibernating
C01461,541,3,113567.0,1,1,2,Lost / Hibernating
C00111,44,6,113456.0,4,3,2,Loyal
C00663,202,6,113224.0,2,3,2,At Risk
C01233,376,4,112910.0,1,2,2,Lost / Hibernating
C01313,87,6,112570.0,3,3,2,Loyal
C01444,22,6,112455.0,5,3,2,Loyal
C01457,83,3,112396.0,3,1,2,Needs Attention
C01078,1,6,112387.0,5,3,2,Loyal
C00586,54,8,112355.0,4,4,2,Loyal
C00382,16,4,111829.0,5,2,2,New / Promising
C00506,13,5,111687.0,5,2,2,New / Promising
C01182,199,8,111635.0,2,4,2,At Risk
C00117,123,3,111460.0,2,1,2,Lost / Hibernating
C00438,320,3,111404.0,1,1,2,Lost / Hibernating
C01253,30,5,111189.0,4,2,2,New / Promising
C00554,34,7,111095.0,4,4,2,Loyal
C00777,110,6,111042.0,3,3,2,Loyal
C00963,134,10,110971.0,2,5,2,At Risk
C00745,235,3,110701.0,2,1,2,Lost / Hibernating
C00162,6,8,110701.0,5,4,2,Loyal
C01317,34,7,110596.0,4,4,2,Loyal
C00115,44,7,110549.0,4,4,2,Loyal
C01482,87,6,110331.0,3,3,2,Loyal
C01200,273,8,110280.0,1,4,2,At Risk
C00689,46,4,110200.0,4,2,2,New / Promising
C01416,157,7,109966.0,2,4,2,At Risk
C00701,312,5,109913.0,1,2,2,Lost / Hibernating
C00493,45,3,109820.0,4,1,2,New / Promising
C00863,442,4,109737.0,1,2,2,Lost / Hibernating
C00227,281,3,109504.0,1,1,2,Lost / Hibernating
C00138,183,4,109441.0,2,2,2,Lost / Hibernating
C00792,131,5,109387.0,2,2,2,Lost / Hibernating
C00567,2,6,109357.0,5,3,2,Loyal
C00348,323,3,109261.0,1,1,2,Lost / Hibernating
C01097,140,3,109223.0,2,1,2,Lost / Hibernating
C01265,104,6,109071.0,3,3,2,Loyal
C00848,98,5,109012.0,3,2,2,Needs Attention
C01066,65,5,108806.0,3,2,2,Needs Attention
C01328,109,5,108770.0,3,2,2,Needs Attention
C01425,1,6,108199.0,5,3,2,Loyal
C01184,59,4,108116.0,3,2,2,Needs Attention
C01038,213,5,107426.0,2,2,2,Lost / Hibernating
C00634,79,4,107049.0,3,2,2,Needs Attention
C00034,65,9,106934.0,3,5,2,Loyal
C01220,39,5,106893.0,4,2,2,New / Promising
C00204,71,4,106765.0,3,2,2,Needs Attention
C00862,350,4,106690.0,1,2,2,Lost / Hibernating
C00524,294,3,106683.0,1,1,2,Lost / Hibernating
C00825,186,3,106665.0,2,1,2,Lost / Hibernating
C01459,76,3,106664.0,3,1,2,Needs Attention
C01370,0,9,106617.0,5,5,2,Loyal
C00575,68,3,106559.0,3,1,2,Needs Attention
C00043,187,5,106439.0,2,2,2,Lost / Hibernating
C01033,133,7,106137.0,2,4,2,At Risk
C01146,136,6,105512.0,2,3,2,At Risk
C00120,145,3,105373.0,2,1,2,Lost / Hibernating
C00987,209,4,105268.0,2,2,2,Lost / Hibernating
C00268,60,4,105191.0,3,2,2,Needs Attention
C00614,152,6,104495.0,2,3,2,At Risk
C00502,97,6,104478.0,3,3,2,Loyal
C00002,33,9,104228.0,4,5,2,Loyal
C01056,190,3,104217.0,2,1,2,Lost / Hibernating
C01392,190,9,104202.0,2,5,2,At Risk
C00616,26,3,103842.0,4,1,2,New / Promising
C00075,35,5,103191.0,4,2,2,New / Promising
C00744,175,5,102383.0,2,2,2,Lost / Hibernating
C01089,17,5,102347.0,5,2,2,New / Promising
C00439,492,7,101799.0,1,4,2,At Risk
C00347,102,5,101742.0,3,2,2,Needs Attention
C00527,122,4,101460.0,2,2,2,Lost / Hibernating
C00067,475,3,101202.0,1,1,2,Lost / Hibernating
C00179,26,6,100950.0,4,3,2,Loyal
C01170,142,4,100570.0,2,2,2,Lost / Hibernating
C01091,48,4,100228.0,4,2,2,New / Promising
C00706,330,4,100187.0,1,2,2,Lost / Hibernating
C01382,41,6,100154.0,4,3,2,Loyal
C00935,536,8,100064.0,1,4,2,At Risk
C01499,92,8,99953.0,3,4,2,Loyal
C01218,123,3,99905.0,2,1,2,Lost / Hibernating
C00940,15,9,99886.0,5,5,2,Loyal
C01139,406,5,99647.0,1,2,2,Lost / Hibernating
C00059,518,5,99614.0,1,2,2,Lost / Hibernating
C01235,141,4,99315.0,2,2,2,Lost / Hibernating
C00105,59,4,98686.0,3,2,2,Needs Attention
C00581,91,4,98256.0,3,2,2,Needs Attention
C01140,6,6,98227.0,5,3,2,Loyal
C00387,352,4,97968.0,1,2,2,Lost / Hibernating
C01203,21,6,97801.0,5,3,2,Loyal
C00933,208,7,97788.0,2,4,2,At Risk
C00834,298,3,97567.0,1,1,2,Lost / Hibernating
C01346,47,4,97457.0,4,2,2,New / Promising
C01372,41,3,97404.0,4,1,2,New / Promising
C01068,6,10,96691.0,5,5,2,Loyal
C00997,507,5,96413.0,1,2,2,Lost / Hibernating
C00329,26,6,96205.0,4,3,2,Loyal
C00733,50,4,95982.0,4,2,2,New / Promising
C00814,167,3,95738.0,2,1,2,Lost / Hibernating
C00337,256,5,95569.0,1,2,2,Lost / Hibernating
C00372,173,3,95476.0,2,1,2,Lost / Hibernating
C01115,778,2,95169.0,1,1,2,Lost / Hibernating
C00295,50,4,95137.0,4,2,2,New / Promising
C00286,73,7,94771.0,3,4,2,Loyal
C00973,91,9,94744.0,3,5,2,Loyal
C00289,964,1,94616.0,1,1,2,Lost / Hibernating
C00014,1,7,94500.0,5,4,2,Loyal
C00877,302,3,94196.0,1,1,2,Lost / Hibernating
C00452,36,8,94133.0,4,4,2,Loyal
C00465,64,4,93772.0,3,2,2,Needs Attention
C01032,131,4,93614.0,2,2,2,Lost / Hibernating
C00927,118,4,93505.0,2,2,2,Lost / Hibernating
C00920,80,5,93456.0,3,2,2,Needs Attention
C00574,140,5,93254.0,2,2,2,Lost / Hibernating
C00029,230,5,93062.0,2,2,2,Lost / Hibernating
C00894,0,9,92821.0,5,5,2,Loyal
C00366,1,5,92708.0,5,2,2,New / Promising
C00192,116,7,92682.0,2,4,2,At Risk
C00149,53,3,92305.0,4,1,2,New / Promising
C00828,157,7,91582.0,2,4,2,At Risk
C01110,172,9,91472.0,2,5,2,At Risk
C01103,80,5,91469.0,3,2,2,Needs Attention
C01211,138,7,91459.0,2,4,2,At Risk
C00650,312,5,91396.0,1,2,2,Lost / Hibernating
C00427,72,6,91123.0,3,3,2,Loyal
C00273,18,4,90992.0,5,2,2,New / Promising
C01072,17,3,90950.0,5,1,2,New / Promising
C00354,129,5,90712.0,2,2,2,Lost / Hibernating
C00396,105,6,90600.0,3,3,2,Loyal
C01088,21,6,90100.0,5,3,2,Loyal
C01259,104,6,89845.0,3,3,2,Loyal
C00793,20,5,89660.0,5,2,2,New / Promising
C00518,525,1,89546.0,1,1,2,Lost / Hibernating
C00411,82,4,89505.0,3,2,2,Needs Attention
C01051,114,5,89474.0,2,2,2,Lost / Hibernating
C00648,195,6,89439.0,2,3,2,At Risk
C00856,68,6,88913.0,3,3,2,Loyal
C00048,16,6,88674.0,5,3,2,Loyal
C01443,1,6,88670.0,5,3,2,Loyal
C00775,161,5,88642.0,2,2,2,Lost / Hibernating
C00233,57,2,88591.0,4,1,2,New / Promising
C00753,46,4,88236.0,4,2,2,New / Promising
C00601,16,6,88128.0,5,3,2,Loyal
C01047,11,5,87840.0,5,2,2,New / Promising
C00644,18,11,87311.0,5,5,2,Loyal
C01225,2,5,86745.0,5,2,2,New / Promising
C00047,40,3,86561.0,4,1,2,New / Promising
C00157,24,9,86490.0,5,5,2,Loyal
C01267,381,4,85916.0,1,2,2,Lost / Hibernating
C00194,19,8,85784.0,5,4,2,Loyal
C00833,86,5,85743.0,3,2,2,Needs Attention
C00058,156,5,85677.0,2,2,2,Lost / Hibernating
C01083,79,3,85632.0,3,1,2,Needs Attention
C01407,341,2,85617.0,1,1,2,Lost / Hibernating
C00611,21,7,85617.0,5,4,2,Loyal
C00380,58,5,85504.0,4,2,2,New / Promising
C00219,97,5,85235.0,3,2,2,Needs Attention
C00467,112,4,85160.0,2,1,2,Lost / Hibernating
C01450,201,3,84799.0,2,1,2,Lost / Hibernating
C00121,100,5,84549.0,3,2,2,Needs Attention
C01410,255,5,84504.0,1,2,2,Lost / Hibernating
C00694,27,5,84474.0,4,2,2,New / Promising
C00108,285,6,84453.0,1,3,2,At Risk
C00035,18,5,84325.0,5,2,2,New / Promising
C00132,27,5,84322.0,4,2,2,New / Promising
C00569,80,6,84239.0,3,3,2,Loyal
C00764,96,7,83716.0,3,4,2,Loyal
C00340,170,5,83694.0,2,2,2,Lost / Hibernating
C00967,171,6,83266.0,2,3,2,At Risk
C01377,54,5,83148.0,4,2,2,New / Promising
C01090,111,4,82921.0,3,1,2,Needs Attention
C00844,189,8,82457.0,2,4,2,At Risk
C01229,102,3,82282.0,3,1,2,Needs Attention
C01367,822,4,82121.0,1,1,2,Lost / Hibernating
C01004,11,7,82111.0,5,4,2,Loyal
C01050,345,6,81829.0,1,3,2,At Risk
C01388,157,3,80852.0,2,1,2,Lost / Hibernating
C01420,30,4,80802.0,4,1,2,New / Promising
C00207,149,5,80739.0,2,2,2,Lost / Hibernating
C00284,54,5,80644.0,4,2,2,New / Promising
C00229,602,5,80513.0,1,2,2,Lost / Hibernating
C01127,18,4,80372.0,5,1,2,New / Promising
C00070,130,5,80344.0,2,2,2,Lost / Hibernating
C00492,27,3,80292.0,4,1,2,New / Promising
C00131,6,4,79948.0,5,1,2,New / Promising
C00458,188,3,79921.0,2,1,1,Lost / Hibernating
C00755,58,3,79770.0,4,1,1,New / Promising
C01483,182,6,79700.0,2,3,1,At Risk
C01347,497,3,79690.0,1,1,1,Lost / Hibernating
C01237,161,5,79616.0,2,2,1,Lost / Hibernating
C00261,55,3,79393.0,4,1,1,New / Promising
C00625,85,6,78728.0,3,3,1,Loyal
C01384,77,8,78665.0,3,4,1,Loyal
C00774,36,4,78200.0,4,1,1,New / Promising
C01096,68,3,77893.0,3,1,1,Needs Attention
C00301,147,7,77763.0,2,4,1,At Risk
C01288,45,6,77533.0,4,3,1,Loyal
C00676,48,3,77129.0,4,1,1,New / Promising
C00748,307,5,77107.0,1,2,1,Lost / Hibernating
C01446,237,5,76931.0,2,2,1,Lost / Hibernating
C00980,519,5,76662.0,1,2,1,Lost / Hibernating
C00420,246,3,76623.0,1,1,1,Lost / Hibernating
C01458,768,2,76597.0,1,1,1,Lost / Hibernating
C00026,26,5,76315.0,4,2,1,New / Promising
C00325,6,5,76022.0,5,2,1,New / Promising
C00734,157,5,75804.0,2,2,1,Lost / Hibernating
C00078,118,6,75791.0,2,3,1,At Risk
C00724,69,8,75727.0,3,4,1,Loyal
C00819,26,7,75552.0,4,4,1,Loyal
C00245,5,7,75264.0,5,4,1,Loyal
C00033,7,4,75223.0,5,1,1,New / Promising
C01430,158,6,75214.0,2,3,1,At Risk
C00196,99,2,75147.0,3,1,1,Needs Attention
C00974,192,2,75078.0,2,1,1,Lost / Hibernating
C00008,378,2,75029.0,1,1,1,Lost / Hibernating
C00664,23,6,74587.0,5,3,1,Loyal
C01408,25,4,74449.0,5,1,1,New / Promising
C00552,83,4,74193.0,3,1,1,Needs Attention
C01448,24,4,73841.0,5,1,1,New / Promising
C00137,286,5,73689.0,1,2,1,Lost / Hibernating
C00592,64,3,73607.0,3,1,1,Needs Attention
C00572,600,3,73536.0,1,1,1,Lost / Hibernating
C00658,45,3,73528.0,4,1,1,New / Promising
C00726,146,3,73493.0,2,1,1,Lost / Hibernating
C00653,24,3,73460.0,5,1,1,New / Promising
C00055,16,6,73382.0,5,3,1,Loyal
C01020,435,3,73259.0,1,1,1,Lost / Hibernating
C00812,4,6,72851.0,5,3,1,Loyal
C01260,8,6,72850.0,5,3,1,Loyal
C01436,66,7,72555.0,3,4,1,Loyal
C01154,262,4,72536.0,1,1,1,Lost / Hibernating
C01156,237,3,72169.0,2,1,1,Lost / Hibernating
C00981,87,4,71555.0,3,1,1,Needs Attention
C00555,182,5,71158.0,2,2,1,Lost / Hibernating
C00509,753,2,70916.0,1,1,1,Lost / Hibernating
C00637,71,5,70905.0,3,2,1,Needs Attention
C00692,29,3,70776.0,4,1,1,New / Promising
C01348,40,4,70698.0,4,1,1,New / Promising
C01250,501,4,70375.0,1,1,1,Lost / Hibernating
C00246,263,6,70354.0,1,3,1,At Risk
C01059,340,4,70240.0,1,1,1,Lost / Hibernating
C00768,398,5,70143.0,1,2,1,Lost / Hibernating
C00904,11,6,69342.0,5,3,1,Loyal
C00223,27,3,69337.0,4,1,1,New / Promising
C01376,54,5,69336.0,4,2,1,New / Promising
C00442,106,3,69229.0,3,1,1,Needs Attention
C00346,129,5,69163.0,2,2,1,Lost / Hibernating
C00300,96,4,68966.0,3,1,1,Needs Attention
C00756,37,6,68697.0,4,3,1,Loyal
C00234,384,5,68665.0,1,2,1,Lost / Hibernating
C00254,230,7,68411.0,2,4,1,At Risk
C00821,86,4,67977.0,3,1,1,Needs Attention
C00979,4,4,67692.0,5,1,1,New / Promising
C00779,572,4,67460.0,1,1,1,Lost / Hibernating
C00880,329,4,67255.0,1,1,1,Lost / Hibernating
C00584,12,5,67116.0,5,2,1,New / Promising
C00597,426,3,66886.0,1,1,1,Lost / Hibernating
C01241,256,5,66729.0,1,2,1,Lost / Hibernating
C00638,76,3,66595.0,3,1,1,Needs Attention
C00203,169,4,66583.0,2,1,1,Lost / Hibernating
C01473,363,5,66417.0,1,2,1,Lost / Hibernating
C00369,256,5,65952.0,1,2,1,Lost / Hibernating
C00344,356,2,65334.0,1,1,1,Lost / Hibernating
C01163,23,2,64737.0,5,1,1,New / Promising
C00124,67,3,64594.0,3,1,1,Needs Attention
C01271,16,4,64396.0,5,1,1,New / Promising
C00685,302,4,64354.0,1,1,1,Lost / Hibernating
C00327,146,7,64127.0,2,4,1,At Risk
C01028,28,6,64084.0,4,3,1,Loyal
C01330,90,5,63943.0,3,2,1,Needs Attention
C01306,108,5,63915.0,3,2,1,Needs Attention
C00535,71,2,63823.0,3,1,1,Needs Attention
C01104,48,6,63692.0,4,3,1,Loyal
C01228,154,5,63679.0,2,2,1,Lost / Hibernating
C00007,391,4,63454.0,1,1,1,Lost / Hibernating
C00343,655,3,63447.0,1,1,1,Lost / Hibernating
C00719,0,6,63416.0,5,3,1,Loyal
C01055,10,6,63337.0,5,3,1,Loyal
C01077,20,7,62384.0,5,4,1,Loyal
C01074,665,4,62366.0,1,1,1,Lost / Hibernating
C00884,553,2,62333.0,1,1,1,Lost / Hibernating
C00631,421,5,62311.0,1,2,1,Lost / Hibernating
C01486,56,5,61346.0,4,2,1,New / Promising
C01148,115,4,61127.0,2,1,1,Lost / Hibernating
C00955,78,4,61125.0,3,1,1,Needs Attention
C00721,51,3,60775.0,4,1,1,New / Promising
C00409,31,2,60477.0,4,1,1,New / Promising
C00063,26,3,60257.0,4,1,1,New / Promising
C01312,177,5,60157.0,2,2,1,Lost / Hibernating
C00714,51,3,60119.0,4,1,1,New / Promising
C00122,6,5,59929.0,5,2,1,New / Promising
C00680,106,7,59223.0,3,4,1,Loyal
C01383,82,6,59015.0,3,3,1,Loyal
C00404,349,5,59001.0,1,2,1,Lost / Hibernating
C00816,14,6,58911.0,5,3,1,Loyal
C01049,54,2,58873.0,4,1,1,New / Promising
C00237,26,3,58826.0,4,1,1,New / Promising
C00712,118,3,58574.0,2,1,1,Lost / Hibernating
C01144,139,5,58467.0,2,2,1,Lost / Hibernating
C00566,87,8,58289.0,3,4,1,Loyal
C00531,214,6,58018.0,2,3,1,At Risk
C00794,455,4,56866.0,1,1,1,Lost / Hibernating
C00954,91,4,56801.0,3,1,1,Needs Attention
C01406,15,5,56607.0,5,2,1,New / Promising
C00332,4,3,56580.0,5,1,1,New / Promising
C00817,61,4,56428.0,3,1,1,Needs Attention
C01221,53,3,55982.0,4,1,1,New / Promising
C01231,9,5,55916.0,5,2,1,New / Promising
C00643,21,4,55686.0,5,1,1,New / Promising
C01411,89,5,55581.0,3,2,1,Needs Attention
C00488,526,6,55249.0,1,3,1,At Risk
C01256,458,2,55240.0,1,1,1,Lost / Hibernating
C00818,283,5,54832.0,1,2,1,Lost / Hibernating
C00057,506,3,54555.0,1,1,1,Lost / Hibernating
C00097,36,4,54361.0,4,1,1,New / Promising
C01238,211,6,54227.0,2,3,1,At Risk
C00226,272,3,54085.0,1,1,1,Lost / Hibernating
C01164,74,5,53825.0,3,2,1,Needs Attention
C00150,353,5,53666.0,1,2,1,Lost / Hibernating
C00542,155,4,53534.0,2,1,1,Lost / Hibernating
C00926,218,3,53405.0,2,1,1,Lost / Hibernating
C00474,27,4,52936.0,4,1,1,New / Promising
C00923,378,2,52793.0,1,1,1,Lost / Hibernating
C01286,524,3,52190.0,1,1,1,Lost / Hibernating
C00790,216,3,52138.0,2,1,1,Lost / Hibernating
C00210,51,6,51987.0,4,3,1,Loyal
C00702,646,4,51452.0,1,1,1,Lost / Hibernating
C01471,364,3,51420.0,1,1,1,Lost / Hibernating
C01143,448,5,51282.0,1,2,1,Lost / Hibernating
C00695,103,3,50749.0,3,1,1,Needs Attention
C00081,122,6,50743.0,2,3,1,At Risk
C00238,1,7,49904.0,5,4,1,Loyal
C00504,695,2,49707.0,1,1,1,Lost / Hibernating
C00434,40,4,49492.0,4,1,1,New / Promising
C00740,259,6,49100.0,1,3,1,At Risk
C00112,30,3,49073.0,4,1,1,New / Promising
C00513,21,4,48708.0,5,1,1,New / Promising
C01037,210,5,48627.0,2,2,1,Lost / Hibernating
C01396,48,2,48014.0,4,1,1,New / Promising
C00807,129,2,47997.0,2,1,1,Lost / Hibernating
C00287,263,4,47940.0,1,1,1,Lost / Hibernating
C00148,24,4,47426.0,5,1,1,New / Promising
C00865,181,3,47148.0,2,1,1,Lost / Hibernating
C00049,4,2,46007.0,5,1,1,New / Promising
C00259,17,6,45585.0,5,3,1,Loyal
C00630,240,3,44961.0,1,1,1,Lost / Hibernating
C00456,240,3,44815.0,1,1,1,Lost / Hibernating
C01351,86,4,44194.0,3,1,1,Needs Attention
C00893,55,5,44193.0,4,2,1,New / Promising
C00454,90,4,44143.0,3,1,1,Needs Attention
C01294,72,3,43495.0,3,1,1,Needs Attention
C00508,471,4,43238.0,1,1,1,Lost / Hibernating
C00403,94,4,43037.0,3,1,1,Needs Attention
C00200,251,3,42692.0,1,1,1,Lost / Hibernating
C00976,109,5,42612.0,3,2,1,Needs Attention
C00561,779,3,42412.0,1,1,1,Lost / Hibernating
C01324,43,4,41681.0,4,1,1,New / Promising
C00089,43,6,41533.0,4,3,1,Loyal
C00897,276,5,41216.0,1,2,1,Lost / Hibernating
C01264,105,5,40112.0,3,2,1,Needs Attention
C00119,235,4,39863.0,2,1,1,Lost / Hibernating
C00902,422,4,39388.0,1,1,1,Lost / Hibernating
C01175,199,4,38750.0,2,1,1,Lost / Hibernating
C01262,687,2,38071.0,1,1,1,Lost / Hibernating
C00659,5,7,37860.0,5,4,1,Loyal
C00437,40,3,37798.0,4,1,1,New / Promising
C00426,155,4,37689.0,2,1,1,Lost / Hibernating
C00130,144,5,37115.0,2,2,1,Lost / Hibernating
C00516,53,4,36913.0,4,1,1,New / Promising
C00377,21,5,36621.0,5,2,1,New / Promising
C00024,186,4,36349.0,2,1,1,Lost / Hibernating
C01060,741,4,36279.0,1,1,1,Lost / Hibernating
C01071,279,3,35731.0,1,1,1,Lost / Hibernating
C00425,3,3,35690.0,5,1,1,New / Promising
C00582,579,2,35510.0,1,1,1,Lost / Hibernating
C01185,590,2,35113.0,1,1,1,Lost / Hibernating
C00822,34,4,35026.0,4,1,1,New / Promising
C00139,29,6,34803.0,4,3,1,Loyal
C01117,299,3,34794.0,1,1,1,Lost / Hibernating
C00431,60,3,34771.0,3,1,1,Needs Attention
C00590,99,4,33823.0,3,1,1,Needs Attention
C00180,239,3,33333.0,1,1,1,Lost / Hibernating
C01475,811,2,33073.0,1,1,1,Lost / Hibernating
C01478,184,3,33012.0,2,1,1,Lost / Hibernating
C00282,668,2,32940.0,1,1,1,Lost / Hibernating
C00665,224,3,32901.0,2,1,1,Lost / Hibernating
C00615,49,4,32806.0,4,1,1,New / Promising
C00185,25,5,32519.0,5,2,1,New / Promising
C01409,30,3,32390.0,4,1,1,New / Promising
C01373,71,6,32118.0,3,3,1,Loyal
C01216,86,3,31968.0,3,1,1,Needs Attention
C01289,116,2,31826.0,2,1,1,Lost / Hibernating
C01493,444,2,31757.0,1,1,1,Lost / Hibernating
C00603,192,2,31648.0,2,1,1,Lost / Hibernating
C00378,9,3,31575.0,5,1,1,New / Promising
C00732,660,3,31285.0,1,1,1,Lost / Hibernating
C00290,578,2,31074.0,1,1,1,Lost / Hibernating
C01295,250,5,30429.0,1,2,1,Lost / Hibernating
C01285,382,3,30245.0,1,1,1,Lost / Hibernating
C01136,46,3,29625.0,4,1,1,New / Promising
C00845,71,5,29384.0,3,2,1,Needs Attention
C00338,339,3,29352.0,1,1,1,Lost / Hibernating
C00917,2,7,28967.0,5,4,1,Loyal
C00395,47,3,28941.0,4,1,1,New / Promising
C00172,18,2,28678.0,5,1,1,New / Promising
C01102,63,4,28639.0,3,1,1,Needs Attention
C00410,263,5,28613.0,1,2,1,Lost / Hibernating
C01255,408,4,28246.0,1,1,1,Lost / Hibernating
C00993,83,3,28119.0,3,1,1,Needs Attention
C01280,748,2,27998.0,1,1,1,Lost / Hibernating
C00183,329,3,27973.0,1,1,1,Lost / Hibernating
C01232,153,3,27115.0,2,1,1,Lost / Hibernating
C00873,63,2,27107.0,3,1,1,Needs Attention
C01065,293,2,26706.0,1,1,1,Lost / Hibernating
C01239,188,5,26641.0,2,2,1,Lost / Hibernating
C00576,229,3,26290.0,2,1,1,Lost / Hibernating
C00547,164,5,25802.0,2,2,1,Lost / Hibernating
C00098,387,3,25537.0,1,1,1,Lost / Hibernating
C00385,344,2,25353.0,1,1,1,Lost / Hibernating
C00864,210,2,25250.0,2,1,1,Lost / Hibernating
C00390,94,4,25176.0,3,1,1,Needs Attention
C00441,10,3,24879.0,5,1,1,New / Promising
C00667,21,2,23901.0,5,1,1,New / Promising
C01246,651,2,23783.0,1,1,1,Lost / Hibernating
C00102,897,1,23760.0,1,1,1,Lost / Hibernating
C00832,86,4,23513.0,3,1,1,Needs Attention
C00038,119,2,23490.0,2,1,1,Lost / Hibernating
C01006,34,4,23103.0,4,1,1,New / Promising
C00728,221,2,22868.0,2,1,1,Lost / Hibernating
C00925,928,2,22850.0,1,1,1,Lost / Hibernating
C00948,436,2,21946.0,1,1,1,Lost / Hibernating
C01073,136,2,20894.0,2,1,1,Lost / Hibernating
C00604,78,3,20867.0,3,1,1,Needs Attention
C00791,651,3,20829.0,1,1,1,Lost / Hibernating
C01332,66,3,20657.0,3,1,1,Needs Attention
C00379,662,3,20577.0,1,1,1,Lost / Hibernating
C01007,173,3,20552.0,2,1,1,Lost / Hibernating
C01152,185,3,19463.0,2,1,1,Lost / Hibernating
C00106,433,3,19332.0,1,1,1,Lost / Hibernating
C00096,440,4,19244.0,1,1,1,Lost / Hibernating
C01092,388,3,18965.0,1,1,1,Lost / Hibernating
C00696,108,3,17967.0,3,1,1,Needs Attention
C00184,4,2,17893.0,5,1,1,New / Promising
C01365,306,3,17849.0,1,1,1,Lost / Hibernating
C01157,416,1,17388.0,1,1,1,Lost / Hibernating
C01474,362,2,17074.0,1,1,1,Lost / Hibernating
C00473,622,3,16832.0,1,1,1,Lost / Hibernating
C00161,346,3,16718.0,1,1,1,Lost / Hibernating
C01027,0,2,16637.0,5,1,1,New / Promising
C00668,79,2,16348.0,3,1,1,Needs Attention
C00810,79,1,14474.0,3,1,1,Needs Attention
C01040,312,3,14299.0,1,1,1,Lost / Hibernating
C00995,442,2,13937.0,1,1,1,Lost / Hibernating
C01187,150,2,13865.0,2,1,1,Lost / Hibernating
C01412,391,5,12834.0,1,2,1,Lost / Hibernating
C00464,456,2,12668.0,1,1,1,Lost / Hibernating
C01093,584,2,12414.0,1,1,1,Lost / Hibernating
C00797,524,1,11943.0,1,1,1,Lost / Hibernating
C01176,344,2,11622.0,1,1,1,Lost / Hibernating
C00670,56,4,11146.0,4,1,1,New / Promising
C00240,2,2,10089.0,5,1,1,New / Promising
C00781,3,5,9626.0,5,2,1,New / Promising
C01111,899,1,9230.0,1,1,1,Lost / Hibernating
C00222,434,3,8599.0,1,1,1,Lost / Hibernating
C00281,252,1,8520.0,1,1,1,Lost / Hibernating
C00104,113,3,8143.0,2,1,1,Lost / Hibernating
C00747,376,2,8118.0,1,1,1,Lost / Hibernating
C01335,925,2,7474.0,1,1,1,Lost / Hibernating
C00195,44,3,7457.0,4,1,1,New / Promising
C00708,622,2,6184.0,1,1,1,Lost / Hibernating
C00961,734,2,5926.0,1,1,1,Lost / Hibernating
C00595,57,2,5717.0,4,1,1,New / Promising
C00770,226,3,5243.0,2,1,1,Lost / Hibernating
C00312,223,2,5130.0,2,1,1,Lost / Hibernating
C00141,53,2,5055.0,4,1,1,New / Promising
C00546,146,3,4852.0,2,1,1,Lost / Hibernating
C00013,179,1,4355.0,2,1,1,Lost / Hibernating
C00257,253,3,3993.0,1,1,1,Lost / Hibernating
C00671,367,1,3794.0,1,1,1,Lost / Hibernating
C00475,76,1,3530.0,3,1,1,Needs Attention
C00242,150,3,3152.0,2,1,1,Lost / Hibernating
C00870,75,1,3037.0,3,1,1,Needs Attention
C00765,283,1,882.0,1,1,1,Lost / Hibernating
C01252,135,1,574.0,2,1,1,Lost / Hibernating
C00321,16,1,413.0,5,1,1,New / Promising
