customer_id,customer_name,segment,region,city,signup_date
C00001,Customer 1,Corporate,South,Hyderabad,2022-12-10
C00002,Customer 2,Home Office,West,Nashik,2023-06-17
C00003,Customer 3,Consumer,North,Delhi,2022-12-29
C00004,Customer 4,Consumer,South,Chennai,2022-11-17
C00005,Customer 5,Corporate,West,Mumbai,2022-07-26
C00006,Customer 6,Consumer,East,Kolkata,2022-01-07
C00007,Customer 7,Corporate,South,Hyderabad,2022-02-08
C00008,Customer 8,Consumer,South,Hyderabad,2023-04-03
C00009,Customer 9,Consumer,West,Mumbai,2021-08-02
C00010,Customer 10,Corporate,West,Ahmedabad,2021-08-16
C00011,Customer 11,Consumer,West,Nashik,2022-05-23
C00012,Customer 12,Consumer,North,Jaipur,2023-04-28
C00013,Customer 13,Corporate,South,Chennai,2023-01-13
C00014,Customer 14,Corporate,North,Delhi,2022-11-13
C00015,Customer 15,Home Office,West,Ahmedabad,2022-09-24
C00016,Customer 16,Consumer,West,Mumbai,2021-09-08
C00017,Customer 17,Consumer,South,Bengaluru,2022-03-26
C00018,Customer 18,Home Office,West,Mumbai,2021-08-11
C00019,Customer 19,Consumer,North,Delhi,2023-04-14
C00020,Customer 20,Consumer,South,Chennai,2023-04-07
C00021,Customer 21,Consumer,South,Hyderabad,2022-01-19
C00022,Customer 22,Corporate,West,Pune,2022-02-19
C00023,Customer 23,Home Office,East,Kolkata,2022-03-13
C00024,Customer 24,Corporate,North,Jaipur,2023-08-10
C00025,Customer 25,Corporate,South,Hyderabad,2022-08-14
C00026,Customer 26,Consumer,West,Mumbai,2023-04-17
C00027,Customer 27,Consumer,West,Ahmedabad,2022-07-09
C00028,Customer 28,Consumer,West,Mumbai,2023-02-19
C00029,Customer 29,Consumer,West,Mumbai,2022-09-19
C00030,Customer 30,Consumer,South,Chennai,2022-02-06
C00031,Customer 31,Consumer,South,Hyderabad,2023-07-29
C00032,Customer 32,Consumer,East,Kolkata,2023-03-01
C00033,Customer 33,Corporate,West,Pune,2023-04-24
C00034,Customer 34,Corporate,West,Nashik,2023-10-02
C00035,Customer 35,Consumer,West,Ahmedabad,2022-01-10
C00036,Customer 36,Consumer,West,Mumbai,2021-08-22
C00037,Customer 37,Corporate,West,Mumbai,2022-11-07
C00038,Customer 38,Corporate,West,Ahmedabad,2022-03-21
C00039,Customer 39,Corporate,West,Mumbai,2022-06-28
C00040,Customer 40,Consumer,South,Chennai,2021-12-29
C00041,Customer 41,Home Office,West,Nashik,2022-05-25
C00042,Customer 42,Consumer,North,Delhi,2022-05-20
C00043,Customer 43,Consumer,South,Chennai,2022-04-12
C00044,Customer 44,Consumer,West,Pune,2023-03-31
C00045,Customer 45,Consumer,North,Delhi,2022-11-16
C00046,Customer 46,Consumer,North,Delhi,2022-08-01
C00047,Customer 47,Consumer,West,Nashik,2021-09-10
C00048,Customer 48,Corporate,West,Pune,2022-10-27
C00049,Customer 49,Consumer,South,Chennai,2021-11-05
C00050,Customer 50,Consumer,West,Mumbai,2022-03-10
C00051,Customer 51,Consumer,West,Mumbai,2022-06-09
C00052,Customer 52,Consumer,West,Mumbai,2021-10-06
C00053,Customer 53,Consumer,South,Hyderabad,2022-05-17
C00054,Customer 54,Consumer,South,Chennai,2022-01-27
C00055,Customer 55,Consumer,South,Chennai,2023-07-05
C00056,Customer 56,Corporate,South,Hyderabad,2023-07-14
C00057,Customer 57,Home Office,West,Ahmedabad,2021-06-05
C00058,Customer 58,Consumer,South,Bengaluru,2022-11-25
C00059,Customer 59,Corporate,West,Mumbai,2022-12-29
C00060,Customer 60,Home Office,West,Mumbai,2022-05-07
C00061,Customer 61,Home Office,South,Chennai,2022-07-28
C00062,Customer 62,Corporate,West,Ahmedabad,2023-05-12
C00063,Customer 63,Home Office,South,Bengaluru,2022-05-07
C00064,Customer 64,Home Office,South,Hyderabad,2021-07-29
C00065,Customer 65,Corporate,South,Chennai,2022-05-02
C00066,Customer 66,Consumer,South,Bengaluru,2022-01-15
C00067,Customer 67,Consumer,South,Bengaluru,2022-05-11
C00068,Customer 68,Consumer,West,Pune,2021-12-25
C00069,Customer 69,Consumer,West,Mumbai,2021-10-13
C00070,Customer 70,Consumer,West,Nashik,2023-11-04
C00071,Customer 71,Consumer,West,Mumbai,2021-09-24
C00072,Customer 72,Corporate,West,Nashik,2023-02-26
C00073,Customer 73,Corporate,North,Delhi,2023-03-08
C00074,Customer 74,Home Office,West,Mumbai,2022-12-09
C00075,Customer 75,Consumer,West,Mumbai,2023-08-30
C00076,Customer 76,Consumer,West,Pune,2021-06-05
C00077,Customer 77,Corporate,West,Pune,2022-02-27
C00078,Customer 78,Home Office,South,Chennai,2021-11-13
C00079,Customer 79,Home Office,South,Bengaluru,2022-11-02
C00080,Customer 80,Home Office,South,Hyderabad,2022-12-24
C00081,Customer 81,Home Office,South,Chennai,2023-08-18
C00082,Customer 82,Consumer,West,Nashik,2022-05-08
C00083,Customer 83,Consumer,North,Delhi,2021-12-30
C00084,Customer 84,Consumer,West,Mumbai,2023-09-10
C00085,Customer 85,Corporate,West,Mumbai,2023-01-27
C00086,Customer 86,Home Office,West,Mumbai,2023-04-20
C00087,Customer 87,Consumer,South,Hyderabad,2022-07-06
C00088,Customer 88,Corporate,West,Ahmedabad,2022-07-08
C00089,Customer 89,Consumer,West,Mumbai,2022-05-17
C00090,Customer 90,Consumer,West,Ahmedabad,2023-04-06
C00091,Customer 91,Consumer,West,Mumbai,2021-12-07
C00092,Customer 92,Consumer,South,Chennai,2023-10-26
C00093,Customer 93,Home Office,West,Ahmedabad,2021-11-06
C00094,Customer 94,Consumer,West,Nashik,2022-07-20
C00095,Customer 95,Home Office,West,Pune,2022-03-11
C00096,Customer 96,Corporate,South,Chennai,2022-12-31
C00097,Customer 97,Consumer,West,Nashik,2023-02-03
C00098,Customer 98,Consumer,West,Mumbai,2023-09-05
C00099,Customer 99,Corporate,West,Mumbai,2023-05-12
C00100,Customer 100,Consumer,East,Kolkata,2022-01-10
C00101,Customer 101,Home Office,North,Jaipur,2021-12-03
C00102,Customer 102,Consumer,South,Chennai,2023-08-07
C00103,Customer 103,Corporate,West,Pune,2022-08-14
C00104,Customer 104,Corporate,East,Kolkata,2021-08-27
C00105,Customer 105,Consumer,South,Hyderabad,2023-06-13
C00106,Customer 106,Consumer,South,Hyderabad,2023-01-05
C00107,Customer 107,Home Office,West,Ahmedabad,2021-06-24
C00108,Customer 108,Consumer,West,Pune,2023-05-06
C00109,Customer 109,Consumer,West,Mumbai,2022-11-29
C00110,Customer 110,Consumer,North,Jaipur,2022-12-06
C00111,Customer 111,Consumer,West,Ahmedabad,2023-07-19
C00112,Customer 112,Corporate,West,Mumbai,2022-08-20
C00113,Customer 113,Corporate,West,Pune,2022-07-21
C00114,Customer 114,Consumer,South,Bengaluru,2022-12-08
C00115,Customer 115,Home Office,West,Mumbai,2021-11-26
C00116,Customer 116,Consumer,North,Delhi,2021-10-15
C00117,Customer 117,Consumer,South,Hyderabad,2023-06-30
C00118,Customer 118,Corporate,South,Hyderabad,2021-12-12
C00119,Customer 119,Home Office,West,Nashik,2022-08-28
C00120,Customer 120,Consumer,South,Bengaluru,2022-01-29
C00121,Customer 121,Consumer,South,Bengaluru,2021-12-25
C00122,Customer 122,Consumer,South,Chennai,2022-11-21
C00123,Customer 123,Corporate,West,Mumbai,2023-05-24
C00124,Customer 124,Consumer,West,Nashik,2022-07-03
C00125,Customer 125,Consumer,West,Mumbai,2021-10-03
C00126,Customer 126,Corporate,West,Ahmedabad,2022-01-07
C00127,Customer 127,Consumer,West,Pune,2021-10-27
C00128,Customer 128,Consumer,West,Mumbai,2023-08-04
C00129,Customer 129,Consumer,West,Mumbai,2022-03-15
C00130,Customer 130,Consumer,South,Bengaluru,2022-05-03
C00131,Customer 131,Consumer,West,Mumbai,2021-08-03
C00132,Customer 132,Home Office,North,Jaipur,2022-07-07
C00133,Customer 133,Corporate,South,Bengaluru,2023-09-01
C00134,Customer 134,Corporate,West,Pune,2022-06-04
C00135,Customer 135,Home Office,South,Bengaluru,2023-01-08
C00136,Customer 136,Consumer,West,Mumbai,2021-11-11
C00137,Customer 137,Consumer,East,Kolkata,2021-10-07
C00138,Customer 138,Home Office,West,Ahmedabad,2023-03-21
C00139,Customer 139,Consumer,South,Hyderabad,2021-07-30
C00140,Customer 140,Corporate,West,Mumbai,2022-07-09
C00141,Customer 141,Corporate,West,Ahmedabad,2022-03-13
C00142,Customer 142,Consumer,West,Ahmedabad,2021-06-15
C00143,Customer 143,Consumer,East,Kolkata,2022-09-22
C00144,Customer 144,Consumer,South,Bengaluru,2023-10-16
C00145,Customer 145,Consumer,West,Ahmedabad,2021-08-02
C00146,Customer 146,Consumer,West,Pune,2023-06-05
C00147,Customer 147,Consumer,West,Pune,2022-09-29
C00148,Customer 148,Corporate,South,Bengaluru,2023-03-14
C00149,Customer 149,Home Office,West,Nashik,2021-08-26
C00150,Customer 150,Corporate,West,Mumbai,2023-07-23
C00151,Customer 151,Consumer,North,Delhi,2021-06-11
C00152,Customer 152,Consumer,North,Jaipur,2023-08-26
C00153,Customer 153,Consumer,West,Mumbai,2023-01-14
C00154,Customer 154,Consumer,South,Bengaluru,2022-03-31
C00155,Customer 155,Home Office,West,Mumbai,2021-06-07
C00156,Customer 156,Consumer,South,Chennai,2022-12-02
C00157,Customer 157,Consumer,West,Pune,2021-08-18
C00158,Customer 158,Home Office,South,Chennai,2022-11-30
C00159,Customer 159,Consumer,South,Hyderabad,2023-04-27
C00160,Customer 160,Consumer,South,Hyderabad,2022-01-27
C00161,Customer 161,Consumer,West,Mumbai,2022-01-01
C00162,Customer 162,Corporate,North,Jaipur,2021-12-17
C00163,Customer 163,Corporate,West,Mumbai,2021-12-20
C00164,Customer 164,Consumer,West,Mumbai,2021-09-11
C00165,Customer 165,Home Office,South,Bengaluru,2022-01-11
C00166,Customer 166,Home Office,West,Nashik,2023-01-15
C00167,Customer 167,Home Office,North,Delhi,2022-02-28
C00168,Customer 168,Consumer,North,Delhi,2023-05-04
C00169,Customer 169,Consumer,West,Pune,2023-06-08
C00170,Customer 170,Home Office,East,Kolkata,2023-04-16
C00171,Customer 171,Consumer,West,Pune,2022-09-29
C00172,Customer 172,Corporate,South,Bengaluru,2022-03-12
C00173,Customer 173,Corporate,West,Pune,2023-09-15
C00174,Customer 174,Consumer,East,Kolkata,2021-12-02
C00175,Customer 175,Corporate,West,Mumbai,2022-07-24
C00176,Customer 176,Home Office,West,Mumbai,2022-07-14
C00177,Customer 177,Corporate,West,Nashik,2023-04-03
C00178,Customer 178,Consumer,East,Kolkata,2022-10-06
C00179,Customer 179,Home Office,North,Jaipur,2023-05-21
C00180,Customer 180,Corporate,South,Hyderabad,2023-09-06
C00181,Customer 181,Corporate,North,Jaipur,2022-05-18
C00182,Customer 182,Home Office,North,Jaipur,2023-07-28
C00183,Customer 183,Corporate,South,Bengaluru,2021-10-31
C00184,Customer 184,Consumer,West,Pune,2023-09-03
C00185,Customer 185,Consumer,South,Hyderabad,2021-11-08
C00186,Customer 186,Consumer,South,Chennai,2023-07-06
C00187,Customer 187,Consumer,West,Nashik,2022-05-18
C00188,Customer 188,Consumer,West,Mumbai,2023-10-17
C00189,Customer 189,Corporate,South,Hyderabad,2021-09-25
C00190,Customer 190,Consumer,West,Pune,2022-07-24
C00191,Customer 191,Corporate,East,Kolkata,2023-08-21
C00192,Customer 192,Home Office,West,Pune,2021-07-13
C00193,Customer 193,Consumer,West,Mumbai,2022-01-25
C00194,Customer 194,Corporate,North,Delhi,2021-08-15
C00195,Customer 195,Corporate,West,Mumbai,2022-03-17
C00196,Customer 196,Corporate,West,Mumbai,2022-05-18
C00197,Customer 197,Consumer,South,Bengaluru,2022-12-10
C00198,Customer 198,Corporate,North,Delhi,2022-01-18
C00199,Customer 199,Home Office,West,Mumbai,2021-10-21
C00200,Customer 200,Corporate,West,Pune,2021-10-31
C00201,Customer 201,Home Office,South,Hyderabad,2023-09-23
C00202,Customer 202,Home Office,East,Kolkata,2023-10-06
C00203,Customer 203,Consumer,West,Ahmedabad,2021-12-17
C00204,Customer 204,Corporate,West,Mumbai,2021-11-23
C00205,Customer 205,Consumer,West,Mumbai,2021-07-19
C00206,Customer 206,Home Office,West,Mumbai,2023-10-12
C00207,Customer 207,Consumer,West,Mumbai,2023-02-26
C00208,Customer 208,Consumer,South,Chennai,2023-04-16
C00209,Customer 209,Home Office,West,Mumbai,2022-02-17
C00210,Customer 210,Consumer,West,Ahmedabad,2022-12-29
C00211,Customer 211,Corporate,South,Chennai,2021-07-24
C00212,Customer 212,Consumer,South,Bengaluru,2023-01-30
C00213,Customer 213,Home Office,West,Mumbai,2022-11-04
C00214,Customer 214,Home Office,North,Delhi,2022-03-26
C00215,Customer 215,Consumer,South,Hyderabad,2023-03-02
C00216,Customer 216,Corporate,South,Hyderabad,2023-01-03
C00217,Customer 217,Consumer,West,Mumbai,2022-07-01
C00218,Customer 218,Corporate,West,Mumbai,2021-11-16
C00219,Customer 219,Corporate,North,Jaipur,2021-06-22
C00220,Customer 220,Home Office,West,Nashik,2023-09-22
C00221,Customer 221,Consumer,West,Pune,2022-02-09
C00222,Customer 222,Consumer,West,Ahmedabad,2022-02-27
C00223,Customer 223,Corporate,South,Chennai,2023-02-03
C00224,Customer 224,Corporate,East,Kolkata,2022-01-16
C00225,Customer 225,Consumer,West,Pune,2022-05-05
C00226,Customer 226,Consumer,North,Jaipur,2023-03-03
C00227,Customer 227,Consumer,West,Mumbai,2022-11-18
C00228,Customer 228,Home Office,South,Bengaluru,2023-01-12
C00229,Customer 229,Consumer,South,Chennai,2021-06-05
C00230,Customer 230,Consumer,West,Mumbai,2022-07-12
C00231,Customer 231,Home Office,West,Mumbai,2022-08-02
C00232,Customer 232,Consumer,West,Nashik,2022-12-22
C00233,Customer 233,Corporate,East,Kolkata,2021-10-15
C00234,Customer 234,Consumer,South,Bengaluru,2021-10-22
C00235,Customer 235,Home Office,East,Kolkata,2023-04-18
C00236,Customer 236,Corporate,North,Delhi,2023-01-27
C00237,Customer 237,Home Office,West,Ahmedabad,2023-06-01
C00238,Customer 238,Consumer,South,Hyderabad,2022-01-30
C00239,Customer 239,Corporate,West,Mumbai,2023-11-15
C00240,Customer 240,Corporate,West,Mumbai,2022-02-01
C00241,Customer 241,Consumer,North,Delhi,2023-01-07
C00242,Customer 242,Consumer,North,Delhi,2021-10-24
C00243,Customer 243,Consumer,West,Mumbai,2023-09-05
C00244,Customer 244,Home Office,South,Bengaluru,2022-03-27
C00245,Customer 245,Corporate,South,Bengaluru,2023-05-24
C00246,Customer 246,Corporate,North,Delhi,2022-03-26
C00247,Customer 247,Corporate,South,Bengaluru,2023-05-13
C00248,Customer 248,Corporate,West,Nashik,2022-07-14
C00249,Customer 249,Consumer,West,Nashik,2021-07-27
C00250,Customer 250,Consumer,West,Nashik,2021-11-19
C00251,Customer 251,Corporate,South,Chennai,2023-02-06
C00252,Customer 252,Consumer,North,Delhi,2021-11-21
C00253,Customer 253,Home Office,West,Ahmedabad,2022-02-03
C00254,Customer 254,Corporate,West,Pune,2022-10-01
C00255,Customer 255,Consumer,West,Mumbai,2022-01-14
C00256,Customer 256,Corporate,South,Hyderabad,2021-09-24
C00257,Customer 257,Consumer,North,Delhi,2022-12-14
C00258,Customer 258,Home Office,West,Mumbai,2023-02-11
C00259,Customer 259,Home Office,West,Mumbai,2023-03-22
C00260,Customer 260,Home Office,South,Bengaluru,2023-09-28
C00261,Customer 261,Consumer,West,Mumbai,2021-09-21
C00262,Customer 262,Consumer,North,Delhi,2022-06-20
C00263,Customer 263,Consumer,West,Pune,2021-12-28
C00264,Customer 264,Consumer,West,Mumbai,2023-08-20
C00265,Customer 265,Consumer,North,Jaipur,2022-09-29
C00266,Customer 266,Consumer,West,Mumbai,2021-08-28
C00267,Customer 267,Home Office,West,Pune,2023-02-13
C00268,Customer 268,Consumer,West,Mumbai,2021-07-09
C00269,Customer 269,Consumer,West,Mumbai,2022-02-02
C00270,Customer 270,Home Office,West,Mumbai,2023-03-12
C00271,Customer 271,Corporate,West,Mumbai,2022-08-30
C00272,Customer 272,Corporate,West,Mumbai,2023-04-16
C00273,Customer 273,Corporate,West,Mumbai,2022-10-28
C00274,Customer 274,Home Office,South,Bengaluru,2023-06-29
C00275,Customer 275,Corporate,South,Chennai,2022-10-20
C00276,Customer 276,Corporate,West,Nashik,2021-07-22
C00277,Customer 277,Corporate,West,Pune,2021-08-04
C00278,Customer 278,Consumer,West,Ahmedabad,2023-05-01
C00279,Customer 279,Consumer,North,Delhi,2021-07-05
C00280,Customer 280,Consumer,North,Delhi,2022-05-05
C00281,Customer 281,Consumer,West,Mumbai,2021-06-15
C00282,Customer 282,Corporate,West,Mumbai,2022-03-01
C00283,Customer 283,Consumer,West,Mumbai,2022-11-18
C00284,Customer 284,Consumer,West,Pune,2021-11-03
C00285,Customer 285,Consumer,South,Bengaluru,2022-07-25
C00286,Customer 286,Home Office,West,Nashik,2023-11-14
C00287,Customer 287,Consumer,West,Mumbai,2021-08-03
C00288,Customer 288,Corporate,West,Nashik,2021-07-28
C00289,Customer 289,Home Office,South,Bengaluru,2022-01-31
C00290,Customer 290,Consumer,West,Mumbai,2023-06-15
C00291,Customer 291,Corporate,North,Delhi,2022-06-01
C00292,Customer 292,Consumer,West,Mumbai,2022-12-28
C00293,Customer 293,Consumer,North,Jaipur,2021-07-01
C00294,Customer 294,Corporate,West,Mumbai,2023-03-24
C00295,Customer 295,Home Office,North,Delhi,2021-07-31
C00296,Customer 296,Consumer,North,Jaipur,2023-03-03
C00297,Customer 297,Corporate,East,Kolkata,2021-10-12
C00298,Customer 298,Consumer,North,Delhi,2023-07-13
C00299,Customer 299,Corporate,South,Hyderabad,2022-02-22
C00300,Customer 300,Corporate,South,Chennai,2021-11-13
C00301,Customer 301,Corporate,South,Hyderabad,2022-03-31
C00302,Customer 302,Corporate,West,Mumbai,2021-06-01
C00303,Customer 303,Consumer,South,Bengaluru,2021-10-27
C00304,Customer 304,Corporate,South,Bengaluru,2022-11-21
C00305,Customer 305,Corporate,North,Delhi,2022-02-26
C00306,Customer 306,Corporate,West,Ahmedabad,2022-04-15
C00307,Customer 307,Consumer,West,Nashik,2023-05-28
C00308,Customer 308,Consumer,South,Chennai,2021-09-20
C00309,Customer 309,Consumer,West,Pune,2022-05-23
C00310,Customer 310,Consumer,West,Mumbai,2021-11-15
C00311,Customer 311,Consumer,West,Ahmedabad,2022-08-09
C00312,Customer 312,Consumer,West,Nashik,2022-03-26
C00313,Customer 313,Corporate,West,Mumbai,2021-07-12
C00314,Customer 314,Consumer,West,Nashik,2021-08-03
C00315,Customer 315,Home Office,West,Nashik,2023-07-08
C00316,Customer 316,Corporate,West,Pune,2021-07-22
C00317,Customer 317,Corporate,West,Nashik,2023-05-06
C00318,Customer 318,Consumer,South,Chennai,2023-09-03
C00319,Customer 319,Consumer,West,Pune,2022-07-25
C00320,Customer 320,Corporate,East,Kolkata,2022-03-08
C00321,Customer 321,Home Office,North,Jaipur,2023-04-30
C00322,Customer 322,Consumer,West,Ahmedabad,2023-11-02
C00323,Customer 323,Corporate,West,Pune,2021-09-17
C00324,Customer 324,Corporate,South,Bengaluru,2023-10-16
C00325,Customer 325,Corporate,North,Delhi,2023-09-28
C00326,Customer 326,Consumer,South,Chennai,2021-10-07
C00327,Customer 327,Consumer,North,Delhi,2021-07-20
C00328,Customer 328,Consumer,South,Bengaluru,2023-03-06
C00329,Customer 329,Home Office,South,Chennai,2021-08-09
C00330,Customer 330,Consumer,West,Pune,2022-11-23
C00331,Customer 331,Consumer,South,Hyderabad,2021-07-29
C00332,Customer 332,Home Office,West,Mumbai,2023-02-12
C00333,Customer 333,Consumer,South,Chennai,2021-12-26
C00334,Customer 334,Consumer,North,Delhi,2021-08-26
C00335,Customer 335,Consumer,West,Mumbai,2021-07-30
C00336,Customer 336,Consumer,South,Bengaluru,2021-11-17
C00337,Customer 337,Consumer,West,Mumbai,2022-09-30
C00338,Customer 338,Consumer,South,Hyderabad,2021-08-08
C00339,Customer 339,Corporate,West,Mumbai,2023-05-24
C00340,Customer 340,Corporate,East,Kolkata,2022-11-26
C00341,Customer 341,Consumer,West,Mumbai,2022-02-23
C00342,Customer 342,Corporate,East,Kolkata,2023-11-05
C00343,Customer 343,Consumer,North,Delhi,2023-01-14
C00344,Customer 344,Home Office,South,Bengaluru,2023-01-26
C00345,Customer 345,Consumer,South,Hyderabad,2021-11-04
C00346,Customer 346,Corporate,North,Delhi,2023-03-02
C00347,Customer 347,Consumer,East,Kolkata,2022-10-17
C00348,Customer 348,Corporate,West,Pune,2023-11-04
C00349,Customer 349,Consumer,South,Bengaluru,2022-08-05
C00350,Customer 350,Corporate,West,Mumbai,2023-02-01
C00351,Customer 351,Consumer,South,Bengaluru,2022-04-04
C00352,Customer 352,Home Office,West,Mumbai,2021-07-07
C00353,Customer 353,Consumer,South,Bengaluru,2021-09-24
C00354,Customer 354,Corporate,South,Bengaluru,2023-07-21
C00355,Customer 355,Home Office,West,Ahmedabad,2023-03-27
C00356,Customer 356,Home Office,South,Bengaluru,2022-04-25
C00357,Customer 357,Consumer,South,Hyderabad,2023-02-19
C00358,Customer 358,Consumer,North,Delhi,2021-06-04
C00359,Customer 359,Consumer,West,Ahmedabad,2021-07-04
C00360,Customer 360,Consumer,South,Bengaluru,2022-08-31
C00361,Customer 361,Corporate,East,Kolkata,2022-12-15
C00362,Customer 362,Home Office,West,Mumbai,2023-09-22
C00363,Customer 363,Home Office,West,Mumbai,2023-04-15
C00364,Customer 364,Corporate,West,Mumbai,2022-01-18
C00365,Customer 365,Corporate,South,Chennai,2023-06-04
C00366,Customer 366,Home Office,West,Nashik,2022-08-17
C00367,Customer 367,Home Office,South,Hyderabad,2023-06-14
C00368,Customer 368,Consumer,South,Chennai,2021-11-04
C00369,Customer 369,Corporate,West,Pune,2021-06-24
C00370,Customer 370,Home Office,North,Jaipur,2021-07-22
C00371,Customer 371,Consumer,South,Hyderabad,2023-11-09
C00372,Customer 372,Consumer,West,Pune,2021-08-12
C00373,Customer 373,Home Office,West,Nashik,2023-09-24
C00374,Customer 374,Home Office,West,Pune,2023-03-17
C00375,Customer 375,Home Office,West,Mumbai,2021-10-10
C00376,Customer 376,Corporate,West,Mumbai,2023-07-18
C00377,Customer 377,Consumer,East,Kolkata,2021-10-08
C00378,Customer 378,Consumer,West,Nashik,2021-10-07
C00379,Customer 379,Corporate,West,Nashik,2022-10-31
C00380,Customer 380,Corporate,South,Hyderabad,2022-02-15
C00381,Customer 381,Consumer,South,Bengaluru,2022-02-17
C00382,Customer 382,Corporate,East,Kolkata,2021-11-23
C00383,Customer 383,Consumer,South,Hyderabad,2022-11-29
C00384,Customer 384,Corporate,West,Ahmedabad,2021-06-25
C00385,Customer 385,Consumer,West,Nashik,2022-01-07
C00386,Customer 386,Consumer,East,Kolkata,2022-10-12
C00387,Customer 387,Consumer,South,Hyderabad,2022-08-12
C00388,Customer 388,Consumer,East,Kolkata,2023-02-20
C00389,Customer 389,Home Office,West,Mumbai,2021-12-12
C00390,Customer 390,Consumer,North,Delhi,2023-01-05
C00391,Customer 391,Consumer,South,Chennai,2023-04-15
C00392,Customer 392,Corporate,West,Mumbai,2022-05-16
C00393,Customer 393,Corporate,South,Bengaluru,2022-01-18
C00394,Customer 394,Consumer,South,Chennai,2022-10-13
C00395,Customer 395,Consumer,West,Mumbai,2022-11-03
C00396,Customer 396,Consumer,West,Ahmedabad,2021-08-24
C00397,Customer 397,Corporate,North,Delhi,2022-10-22
C00398,Customer 398,Consumer,West,Pune,2021-10-17
C00399,Customer 399,Consumer,West,Ahmedabad,2022-10-25
C00400,Customer 400,Consumer,West,Ahmedabad,2023-09-17
C00401,Customer 401,Corporate,West,Pune,2022-09-27
C00402,Customer 402,Consumer,North,Jaipur,2023-04-17
C00403,Customer 403,Home Office,South,Hyderabad,2022-03-06
C00404,Customer 404,Consumer,West,Mumbai,2023-09-09
C00405,Customer 405,Corporate,East,Kolkata,2023-06-02
C00406,Customer 406,Consumer,North,Delhi,2023-09-04
C00407,Customer 407,Consumer,West,Pune,2023-03-30
C00408,Customer 408,Consumer,North,Delhi,2023-01-06
C00409,Customer 409,Corporate,West,Mumbai,2022-09-16
C00410,Customer 410,Home Office,East,Kolkata,2023-09-14
C00411,Customer 411,Consumer,South,Chennai,2023-07-04
C00412,Customer 412,Consumer,South,Chennai,2022-06-11
C00413,Customer 413,Home Office,West,Mumbai,2021-08-17
C00414,Customer 414,Corporate,North,Jaipur,2021-06-04
C00415,Customer 415,Consumer,West,Mumbai,2021-12-28
C00416,Customer 416,Consumer,West,Pune,2021-07-27
C00417,Customer 417,Corporate,West,Mumbai,2021-12-08
C00418,Customer 418,Corporate,South,Hyderabad,2021-09-07
C00419,Customer 419,Corporate,West,Mumbai,2023-10-31
C00420,Customer 420,Home Office,North,Jaipur,2021-08-25
C00421,Customer 421,Consumer,South,Chennai,2022-12-17
C00422,Customer 422,Consumer,West,Mumbai,2022-04-13
C00423,Customer 423,Consumer,West,Mumbai,2021-11-04
C00424,Customer 424,Consumer,West,Mumbai,2023-02-22
C00425,Customer 425,Consumer,South,Bengaluru,2023-10-22
C00426,Customer 426,Consumer,North,Delhi,2023-05-13
C00427,Customer 427,Consumer,West,Mumbai,2023-10-26
C00428,Customer 428,Corporate,North,Delhi,2022-11-14
C00429,Customer 429,Consumer,West,Mumbai,2023-01-28
C00430,Customer 430,Consumer,North,Delhi,2021-10-10
C00431,Customer 431,Corporate,North,Jaipur,2023-07-08
C00432,Customer 432,Corporate,South,Hyderabad,2023-04-05
C00433,Customer 433,Corporate,South,Chennai,2022-01-15
C00434,Customer 434,Corporate,North,Delhi,2022-04-16
C00435,Customer 435,Corporate,West,Mumbai,2022-12-02
C00436,Customer 436,Consumer,West,Mumbai,2021-06-12
C00437,Customer 437,Consumer,West,Mumbai,2023-06-07
C00438,Customer 438,Corporate,West,Ahmedabad,2022-02-08
C00439,Customer 439,Consumer,South,Hyderabad,2021-08-07
C00440,Customer 440,Consumer,South,Chennai,2022-03-25
C00441,Customer 441,Consumer,North,Delhi,2023-06-23
C00442,Customer 442,Consumer,West,Mumbai,2022-02-02
C00443,Customer 443,Consumer,South,Hyderabad,2022-09-29
C00444,Customer 444,Consumer,West,Mumbai,2023-06-01
C00445,Customer 445,Home Office,West,Pune,2021-07-01
C00446,Customer 446,Home Office,South,Chennai,2023-04-15
C00447,Customer 447,Consumer,East,Kolkata,2022-02-15
C00448,Customer 448,Home Office,South,Bengaluru,2023-02-16
C00449,Customer 449,Consumer,West,Mumbai,2021-11-17
C00450,Customer 450,Home Office,South,Bengaluru,2021-10-04
C00451,Customer 451,Home Office,West,Mumbai,2023-05-11
C00452,Customer 452,Consumer,North,Jaipur,2023-05-29
C00453,Customer 453,Corporate,South,Chennai,2023-11-01
C00454,Customer 454,Home Office,West,Mumbai,2023-01-31
C00455,Customer 455,Home Office,West,Mumbai,2022-07-25
C00456,Customer 456,Home Office,West,Mumbai,2021-11-23
C00457,Customer 457,Corporate,East,Kolkata,2022-02-21
C00458,Customer 458,Consumer,West,Ahmedabad,2023-01-05
C00459,Customer 459,Home Office,South,Hyderabad,2022-04-08
C00460,Customer 460,Corporate,South,Chennai,2022-08-10
C00461,Customer 461,Corporate,South,Bengaluru,2021-10-30
C00462,Customer 462,Consumer,West,Mumbai,2022-07-01
C00463,Customer 463,Corporate,East,Kolkata,2022-01-01
C00464,Customer 464,Consumer,West,Pune,2021-09-09
C00465,Customer 465,Corporate,South,Bengaluru,2021-09-27
C00466,Customer 466,Consumer,South,Chennai,2022-09-10
C00467,Customer 467,Corporate,South,Chennai,2022-04-26
C00468,Customer 468,Home Office,East,Kolkata,2021-08-29
C00469,Customer 469,Consumer,West,Mumbai,2022-09-06
C00470,Customer 470,Consumer,West,Ahmedabad,2021-10-26
C00471,Customer 471,Consumer,West,Nashik,2021-06-14
C00472,Customer 472,Home Office,West,Ahmedabad,2021-09-28
C00473,Customer 473,Corporate,West,Mumbai,2022-07-09
C00474,Customer 474,Consumer,West,Mumbai,2023-10-07
C00475,Customer 475,Consumer,West,Pune,2022-01-04
C00476,Customer 476,Consumer,West,Pune,2022-02-12
C00477,Customer 477,Consumer,West,Nashik,2022-01-05
C00478,Customer 478,Home Office,South,Bengaluru,2022-04-16
C00479,Customer 479,Corporate,South,Chennai,2023-03-08
C00480,Customer 480,Consumer,West,Nashik,2022-03-17
C00481,Customer 481,Home Office,West,Nashik,2023-01-13
C00482,Customer 482,Consumer,West,Mumbai,2023-08-18
C00483,Customer 483,Home Office,South,Bengaluru,2023-09-30
C00484,Customer 484,Consumer,West,Pune,2022-10-20
C00485,Customer 485,Corporate,West,Mumbai,2023-03-04
C00486,Customer 486,Home Office,West,Nashik,2023-09-06
C00487,Customer 487,Consumer,West,Ahmedabad,2023-05-10
C00488,Customer 488,Corporate,West,Mumbai,2022-02-25
C00489,Customer 489,Home Office,South,Bengaluru,2021-09-27
C00490,Customer 490,Consumer,South,Bengaluru,2021-09-12
C00491,Customer 491,Consumer,South,Chennai,2023-08-03
C00492,Customer 492,Corporate,South,Chennai,2022-10-14
C00493,Customer 493,Consumer,South,Chennai,2022-02-22
C00494,Customer 494,Consumer,West,Pune,2022-04-07
C00495,Customer 495,Consumer,South,Hyderabad,2022-02-09
C00496,Customer 496,Corporate,South,Bengaluru,2023-05-23
C00497,Customer 497,Consumer,West,Nashik,2022-12-04
C00498,Customer 498,Consumer,South,Bengaluru,2023-08-01
C00499,Customer 499,Home Office,West,Nashik,2022-02-27
C00500,Customer 500,Corporate,South,Bengaluru,2022-07-31
C00501,Customer 501,Home Office,South,Hyderabad,2021-09-18
C00502,Customer 502,Consumer,North,Jaipur,2023-10-23
C00503,Customer 503,Home Office,North,Jaipur,2022-09-04
C00504,Customer 504,Corporate,West,Ahmedabad,2022-10-11
C00505,Customer 505,Consumer,South,Bengaluru,2022-06-08
C00506,Customer 506,Home Office,North,Delhi,2022-01-30
C00507,Customer 507,Consumer,West,Pune,2023-10-02
C00508,Customer 508,Consumer,North,Delhi,2022-08-15
C00509,Customer 509,Consumer,West,Ahmedabad,2023-01-29
C00510,Customer 510,Corporate,West,Mumbai,2021-07-04
C00511,Customer 511,Consumer,West,Mumbai,2022-02-04
C00512,Customer 512,Consumer,North,Delhi,2023-05-25
C00513,Customer 513,Consumer,West,Mumbai,2021-08-19
C00514,Customer 514,Consumer,West,Pune,2021-08-31
C00515,Customer 515,Consumer,West,Pune,2023-05-30
C00516,Customer 516,Corporate,West,Mumbai,2022-03-05
C00517,Customer 517,Consumer,West,Pune,2022-02-02
C00518,Customer 518,Consumer,South,Hyderabad,2022-10-22
C00519,Customer 519,Corporate,West,Mumbai,2021-11-23
C00520,Customer 520,Consumer,North,Delhi,2021-07-09
C00521,Customer 521,Corporate,North,Delhi,2021-06-05
C00522,Customer 522,Consumer,West,Nashik,2021-08-11
C00523,Customer 523,Consumer,West,Mumbai,2021-10-21
C00524,Customer 524,Consumer,South,Bengaluru,2023-02-17
C00525,Customer 525,Consumer,West,Mumbai,2022-02-24
C00526,Customer 526,Consumer,West,Nashik,2021-08-04
C00527,Customer 527,Corporate,East,Kolkata,2021-06-13
C00528,Customer 528,Consumer,East,Kolkata,2022-08-04
C00529,Customer 529,Corporate,South,Hyderabad,2023-06-27
C00530,Customer 530,Corporate,West,Pune,2022-04-01
C00531,Customer 531,Consumer,South,Chennai,2021-07-28
C00532,Customer 532,Consumer,South,Chennai,2021-12-23
C00533,Customer 533,Consumer,West,Nashik,2022-08-24
C00534,Customer 534,Consumer,South,Chennai,2021-11-17
C00535,Customer 535,Consumer,West,Mumbai,2023-10-29
C00536,Customer 536,Corporate,West,Mumbai,2023-04-19
C00537,Customer 537,Home Office,South,Bengaluru,2022-04-07
C00538,Customer 538,Consumer,West,Mumbai,2023-10-05
C00539,Customer 539,Corporate,West,Mumbai,2022-03-20
C00540,Customer 540,Corporate,North,Delhi,2021-10-05
C00541,Customer 541,Consumer,East,Kolkata,2023-09-23
C00542,Customer 542,Corporate,South,Bengaluru,2023-10-12
C00543,Customer 543,Corporate,North,Delhi,2022-03-09
C00544,Customer 544,Home Office,East,Kolkata,2022-11-18
C00545,Customer 545,Home Office,West,Mumbai,2021-11-03
C00546,Customer 546,Consumer,West,Ahmedabad,2022-12-30
C00547,Customer 547,Consumer,West,Nashik,2023-02-12
C00548,Customer 548,Corporate,West,Mumbai,2023-03-01
C00549,Customer 549,Consumer,South,Hyderabad,2022-10-25
C00550,Customer 550,Consumer,West,Nashik,2023-02-24
C00551,Customer 551,Home Office,West,Ahmedabad,2022-10-13
C00552,Customer 552,Consumer,West,Mumbai,2023-06-08
C00553,Customer 553,Consumer,West,Mumbai,2021-11-09
C00554,Customer 554,Home Office,North,Jaipur,2022-08-10
C00555,Customer 555,Consumer,West,Mumbai,2022-06-10
C00556,Customer 556,Consumer,West,Mumbai,2022-09-24
C00557,Customer 557,Home Office,West,Pune,2021-10-06
C00558,Customer 558,Consumer,West,Ahmedabad,2022-03-19
C00559,Customer 559,Consumer,South,Bengaluru,2023-10-07
C00560,Customer 560,Consumer,West,Ahmedabad,2021-09-03
C00561,Customer 561,Home Office,West,Mumbai,2022-12-24
C00562,Customer 562,Consumer,West,Pune,2023-01-20
C00563,Customer 563,Consumer,North,Delhi,2022-08-02
C00564,Customer 564,Consumer,South,Chennai,2021-07-01
C00565,Customer 565,Consumer,South,Chennai,2021-07-01
C00566,Customer 566,Home Office,South,Chennai,2022-02-04
C00567,Customer 567,Consumer,South,Hyderabad,2021-09-01
C00568,Customer 568,Home Office,West,Mumbai,2021-08-24
C00569,Customer 569,Consumer,West,Nashik,2021-10-23
C00570,Customer 570,Consumer,South,Bengaluru,2021-11-19
C00571,Customer 571,Home Office,West,Pune,2023-06-25
C00572,Customer 572,Consumer,North,Delhi,2022-12-27
C00573,Customer 573,Consumer,West,Ahmedabad,2021-06-28
C00574,Customer 574,Home Office,South,Hyderabad,2022-12-18
C00575,Customer 575,Consumer,North,Delhi,2021-10-02
C00576,Customer 576,Corporate,West,Ahmedabad,2022-06-14
C00577,Customer 577,Home Office,North,Jaipur,2021-07-05
C00578,Customer 578,Consumer,South,Bengaluru,2021-08-21
C00579,Customer 579,Consumer,North,Delhi,2021-09-28
C00580,Customer 580,Consumer,West,Pune,2022-06-26
C00581,Customer 581,Consumer,West,Ahmedabad,2022-07-22
C00582,Customer 582,Consumer,South,Bengaluru,2022-04-14
C00583,Customer 583,Corporate,West,Mumbai,2022-12-11
C00584,Customer 584,Consumer,West,Nashik,2023-03-11
C00585,Customer 585,Corporate,North,Jaipur,2023-03-18
C00586,Customer 586,Consumer,South,Chennai,2022-11-04
C00587,Customer 587,Consumer,West,Mumbai,2022-10-05
C00588,Customer 588,Consumer,West,Pune,2022-08-17
C00589,Customer 589,Corporate,West,Mumbai,2022-01-01
C00590,Customer 590,Consumer,West,Mumbai,2022-08-13
C00591,Customer 591,Consumer,North,Jaipur,2021-06-10
C00592,Customer 592,Home Office,West,Ahmedabad,2023-10-18
C00593,Customer 593,Corporate,West,Pune,2022-04-30
C00594,Customer 594,Consumer,South,Bengaluru,2023-04-12
C00595,Customer 595,Home Office,West,Mumbai,2023-10-10
C00596,Customer 596,Consumer,West,Pune,2022-08-22
C00597,Customer 597,Consumer,South,Chennai,2023-07-16
C00598,Customer 598,Consumer,South,Chennai,2022-08-06
C00599,Customer 599,Consumer,East,Kolkata,2021-09-28
C00600,Customer 600,Consumer,South,Bengaluru,2021-06-24
C00601,Customer 601,Corporate,West,Ahmedabad,2021-10-01
C00602,Customer 602,Consumer,South,Hyderabad,2023-09-27
C00603,Customer 603,Corporate,North,Jaipur,2022-08-02
C00604,Customer 604,Home Office,South,Hyderabad,2022-03-15
C00605,Customer 605,Corporate,East,Kolkata,2022-07-07
C00606,Customer 606,Corporate,South,Hyderabad,2022-01-17
C00607,Customer 607,Corporate,North,Delhi,2023-07-24
C00608,Customer 608,Home Office,West,Mumbai,2023-11-17
C00609,Customer 609,Consumer,South,Hyderabad,2021-08-16
C00610,Customer 610,Consumer,West,Ahmedabad,2023-03-09
C00611,Customer 611,Consumer,South,Bengaluru,2022-03-30
C00612,Customer 612,Corporate,South,Chennai,2021-07-13
C00613,Customer 613,Consumer,East,Kolkata,2023-09-08
C00614,Customer 614,Corporate,East,Kolkata,2021-07-26
C00615,Customer 615,Consumer,West,Pune,2021-12-03
C00616,Customer 616,Home Office,South,Hyderabad,2021-06-23
C00617,Customer 617,Consumer,South,Hyderabad,2022-07-30
C00618,Customer 618,Consumer,West,Pune,2022-11-22
C00619,Customer 619,Consumer,West,Mumbai,2022-03-16
C00620,Customer 620,Consumer,West,Mumbai,2021-08-04
C00621,Customer 621,Consumer,South,Hyderabad,2021-09-13
C00622,Customer 622,Consumer,West,Ahmedabad,2023-09-19
C00623,Customer 623,Consumer,East,Kolkata,2023-05-27
C00624,Customer 624,Consumer,West,Ahmedabad,2023-09-22
C00625,Customer 625,Consumer,East,Kolkata,2022-09-21
C00626,Customer 626,Consumer,West,Nashik,2022-10-05
C00627,Customer 627,Consumer,North,Delhi,2023-05-09
C00628,Customer 628,Consumer,West,Mumbai,2022-12-07
C00629,Customer 629,Consumer,South,Bengaluru,2022-06-28
C00630,Customer 630,Consumer,North,Delhi,2022-02-18
C00631,Customer 631,Consumer,North,Jaipur,2022-08-11
C00632,Customer 632,Corporate,North,Delhi,2021-07-28
C00633,Customer 633,Home Office,West,Mumbai,2021-11-21
C00634,Customer 634,Home Office,West,Nashik,2023-03-26
C00635,Customer 635,Consumer,West,Mumbai,2023-07-22
C00636,Customer 636,Corporate,West,Mumbai,2021-08-31
C00637,Customer 637,Consumer,South,Chennai,2021-08-27
C00638,Customer 638,Corporate,South,Hyderabad,2021-08-17
C00639,Customer 639,Corporate,South,Hyderabad,2023-05-14
C00640,Customer 640,Home Office,North,Delhi,2022-03-08
C00641,Customer 641,Home Office,South,Hyderabad,2022-03-22
C00642,Customer 642,Consumer,North,Delhi,2021-06-12
C00643,Customer 643,Corporate,West,Mumbai,2023-10-24
C00644,Customer 644,Corporate,West,Mumbai,2022-06-26
C00645,Customer 645,Consumer,South,Bengaluru,2023-05-19
C00646,Customer 646,Home Office,North,Delhi,2023-02-27
C00647,Customer 647,Consumer,West,Mumbai,2021-10-06
C00648,Customer 648,Home Office,South,Bengaluru,2023-05-23
C00649,Customer 649,Corporate,South,Chennai,2022-10-09
C00650,Customer 650,Consumer,West,Mumbai,2022-11-26
C00651,Customer 651,Corporate,West,Nashik,2021-11-28
C00652,Customer 652,Consumer,North,Jaipur,2023-07-03
C00653,Customer 653,Corporate,South,Chennai,2023-09-17
C00654,Customer 654,Corporate,West,Mumbai,2022-06-01
C00655,Customer 655,Corporate,North,Delhi,2021-08-23
C00656,Customer 656,Home Office,West,Pune,2023-07-04
C00657,Customer 657,Consumer,North,Delhi,2023-08-08
C00658,Customer 658,Consumer,West,Pune,2022-08-30
C00659,Customer 659,Consumer,South,Bengaluru,2022-11-04
C00660,Customer 660,Consumer,West,Nashik,2021-12-18
C00661,Customer 661,Consumer,West,Pune,2021-07-31
C00662,Customer 662,Consumer,North,Jaipur,2023-09-28
C00663,Customer 663,Consumer,West,Mumbai,2022-08-09
C00664,Customer 664,Consumer,West,Mumbai,2022-02-03
C00665,Customer 665,Home Office,West,Pune,2023-02-14
C00666,Customer 666,Consumer,South,Hyderabad,2021-06-24
C00667,Customer 667,Home Office,North,Delhi,2021-08-11
C00668,Customer 668,Consumer,East,Kolkata,2022-01-05
C00669,Customer 669,Consumer,West,Pune,2022-07-11
C00670,Customer 670,Consumer,West,Nashik,2022-04-27
C00671,Customer 671,Consumer,West,Mumbai,2021-11-16
C00672,Customer 672,Consumer,South,Bengaluru,2022-04-13
C00673,Customer 673,Consumer,East,Kolkata,2022-03-28
C00674,Customer 674,Consumer,South,Chennai,2022-09-16
C00675,Customer 675,Consumer,South,Bengaluru,2022-10-20
C00676,Customer 676,Corporate,West,Nashik,2023-08-04
C00677,Customer 677,Consumer,North,Jaipur,2023-05-28
C00678,Customer 678,Home Office,West,Ahmedabad,2022-02-19
C00679,Customer 679,Consumer,West,Mumbai,2023-08-22
C00680,Customer 680,Home Office,West,Nashik,2022-09-12
C00681,Customer 681,Corporate,West,Mumbai,2021-11-16
C00682,Customer 682,Home Office,West,Mumbai,2022-04-03
C00683,Customer 683,Home Office,West,Mumbai,2023-03-30
C00684,Customer 684,Consumer,West,Ahmedabad,2023-06-10
C00685,Customer 685,Corporate,South,Chennai,2022-05-03
C00686,Customer 686,Consumer,West,Pune,2021-10-20
C00687,Customer 687,Corporate,West,Nashik,2021-11-20
C00688,Customer 688,Corporate,East,Kolkata,2021-09-02
C00689,Customer 689,Consumer,South,Hyderabad,2023-02-19
C00690,Customer 690,Home Office,South,Bengaluru,2022-08-27
C00691,Customer 691,Consumer,West,Pune,2022-07-12
C00692,Customer 692,Corporate,North,Jaipur,2023-01-26
C00693,Customer 693,Corporate,West,Mumbai,2023-06-16
C00694,Customer 694,Consumer,West,Pune,2023-05-17
C00695,Customer 695,Corporate,North,Jaipur,2021-10-02
C00696,Customer 696,Corporate,South,Bengaluru,2022-11-13
C00697,Customer 697,Consumer,South,Hyderabad,2023-08-04
C00698,Customer 698,Consumer,South,Bengaluru,2023-04-28
C00699,Customer 699,Consumer,South,Chennai,2022-03-24
C00700,Customer 700,Corporate,West,Pune,2022-05-20
C00701,Customer 701,Consumer,West,Pune,2023-08-11
C00702,Customer 702,Home Office,West,Pune,2021-06-30
C00703,Customer 703,Home Office,West,Mumbai,2022-09-16
C00704,Customer 704,Consumer,North,Delhi,2021-09-13
C00705,Customer 705,Consumer,West,Pune,2023-08-15
C00706,Customer 706,Corporate,South,Bengaluru,2021-07-05
C00707,Customer 707,Corporate,North,Delhi,2021-06-22
C00708,Customer 708,Consumer,South,Hyderabad,2022-03-24
C00709,Customer 709,Consumer,West,Nashik,2021-11-28
C00710,Customer 710,Consumer,West,Ahmedabad,2022-08-20
C00711,Customer 711,Home Office,East,Kolkata,2022-02-25
C00712,Customer 712,Consumer,South,Chennai,2022-04-17
C00713,Customer 713,Home Office,North,Delhi,2022-10-22
C00714,Customer 714,Consumer,North,Jaipur,2022-10-18
C00715,Customer 715,Home Office,South,Hyderabad,2023-09-20
C00716,Customer 716,Consumer,West,Mumbai,2022-08-07
C00717,Customer 717,Consumer,South,Bengaluru,2022-10-21
C00718,Customer 718,Home Office,West,Mumbai,2023-02-01
C00719,Customer 719,Home Office,South,Chennai,2021-11-04
C00720,Customer 720,Consumer,East,Kolkata,2023-01-22
C00721,Customer 721,Consumer,South,Bengaluru,2023-07-16
C00722,Customer 722,Consumer,West,Nashik,2022-03-14
C00723,Customer 723,Consumer,West,Mumbai,2021-11-08
C00724,Customer 724,Consumer,East,Kolkata,2022-04-08
C00725,Customer 725,Home Office,West,Mumbai,2022-02-03
C00726,Customer 726,Consumer,West,Mumbai,2022-11-09
C00727,Customer 727,Corporate,West,Pune,2023-07-18
C00728,Customer 728,Consumer,West,Mumbai,2022-11-19
C00729,Customer 729,Consumer,West,Ahmedabad,2021-09-21
C00730,Customer 730,Corporate,South,Bengaluru,2022-03-11
C00731,Customer 731,Consumer,West,Pune,2023-02-11
C00732,Customer 732,Corporate,West,Mumbai,2022-03-25
C00733,Customer 733,Consumer,West,Mumbai,2022-11-10
C00734,Customer 734,Home Office,West,Nashik,2023-02-15
C00735,Customer 735,Corporate,West,Mumbai,2022-03-24
C00736,Customer 736,Home Office,South,Chennai,2023-01-04
C00737,Customer 737,Consumer,West,Mumbai,2022-05-25
C00738,Customer 738,Consumer,West,Pune,2021-09-30
C00739,Customer 739,Consumer,West,Nashik,2022-05-01
C00740,Customer 740,Corporate,West,Nashik,2022-07-02
C00741,Customer 741,Consumer,West,Mumbai,2021-06-03
C00742,Customer 742,Consumer,West,Mumbai,2023-08-13
C00743,Customer 743,Consumer,North,Delhi,2022-09-19
C00744,Customer 744,Consumer,West,Mumbai,2021-07-03
C00745,Customer 745,Consumer,West,Ahmedabad,2023-07-22
C00746,Customer 746,Consumer,West,Ahmedabad,2023-07-10
C00747,Customer 747,Consumer,West,Pune,2021-06-11
C00748,Customer 748,Corporate,West,Nashik,2021-10-25
C00749,Customer 749,Consumer,South,Hyderabad,2022-04-24
C00750,Customer 750,Consumer,North,Delhi,2022-08-31
C00751,Customer 751,Corporate,West,Pune,2023-03-16
C00752,Customer 752,Corporate,West,Pune,2022-06-17
C00753,Customer 753,Consumer,West,Pune,2022-12-03
C00754,Customer 754,Corporate,West,Ahmedabad,2021-06-10
C00755,Customer 755,Home Office,South,Chennai,2023-01-14
C00756,Customer 756,Corporate,West,Mumbai,2023-09-02
C00757,Customer 757,Home Office,West,Pune,2022-09-17
C00758,Customer 758,Corporate,East,Kolkata,2022-07-15
C00759,Customer 759,Consumer,West,Mumbai,2022-02-23
C00760,Customer 760,Consumer,West,Ahmedabad,2023-10-07
C00761,Customer 761,Corporate,South,Hyderabad,2021-06-30
C00762,Customer 762,Home Office,West,Mumbai,2022-02-14
C00763,Customer 763,Consumer,West,Mumbai,2021-10-03
C00764,Customer 764,Consumer,West,Mumbai,2023-07-20
C00765,Customer 765,Corporate,North,Jaipur,2022-08-09
C00766,Customer 766,Consumer,West,Mumbai,2023-09-09
C00767,Customer 767,Corporate,West,Mumbai,2023-01-20
C00768,Customer 768,Consumer,West,Mumbai,2022-10-15
C00769,Customer 769,Corporate,West,Mumbai,2022-09-09
C00770,Customer 770,Home Office,South,Bengaluru,2021-11-30
C00771,Customer 771,Corporate,West,Pune,2022-10-19
C00772,Customer 772,Corporate,South,Bengaluru,2023-02-07
C00773,Customer 773,Corporate,South,Bengaluru,2023-10-17
C00774,Customer 774,Home Office,North,Delhi,2022-10-08
C00775,Customer 775,Home Office,West,Mumbai,2023-09-23
C00776,Customer 776,Consumer,North,Delhi,2023-09-29
C00777,Customer 777,Corporate,South,Bengaluru,2022-09-14
C00778,Customer 778,Consumer,West,Mumbai,2022-07-01
C00779,Customer 779,Home Office,South,Hyderabad,2021-10-07
C00780,Customer 780,Corporate,North,Delhi,2022-01-28
C00781,Customer 781,Consumer,West,Pune,2023-08-01
C00782,Customer 782,Consumer,North,Jaipur,2021-10-03
C00783,Customer 783,Consumer,West,Ahmedabad,2022-05-24
C00784,Customer 784,Corporate,South,Bengaluru,2023-02-19
C00785,Customer 785,Consumer,East,Kolkata,2022-01-03
C00786,Customer 786,Consumer,West,Nashik,2023-10-25
C00787,Customer 787,Home Office,North,Delhi,2023-01-06
C00788,Customer 788,Corporate,West,Pune,2021-06-26
C00789,Customer 789,Consumer,North,Delhi,2022-01-09
C00790,Customer 790,Consumer,South,Bengaluru,2023-03-29
C00791,Customer 791,Home Office,West,Mumbai,2023-07-17
C00792,Customer 792,Corporate,West,Nashik,2023-09-13
C00793,Customer 793,Corporate,West,Pune,2023-07-07
C00794,Customer 794,Consumer,West,Mumbai,2021-08-07
C00795,Customer 795,Consumer,West,Mumbai,2023-03-19
C00796,Customer 796,Consumer,West,Pune,2021-09-08
C00797,Customer 797,Corporate,West,Mumbai,2021-08-08
C00798,Customer 798,Consumer,West,Mumbai,2023-02-13
C00799,Customer 799,Consumer,South,Hyderabad,2022-08-05
C00800,Customer 800,Corporate,South,Chennai,2023-01-05
C00801,Customer 801,Home Office,South,Hyderabad,2023-07-07
C00802,Customer 802,Corporate,West,Pune,2021-08-01
C00803,Customer 803,Consumer,North,Jaipur,2022-09-18
C00804,Customer 804,Consumer,South,Bengaluru,2023-06-21
C00805,Customer 805,Consumer,West,Mumbai,2022-07-02
C00806,Customer 806,Consumer,West,Mumbai,2022-09-15
C00807,Customer 807,Corporate,South,Chennai,2022-08-23
C00808,Customer 808,Consumer,West,Mumbai,2023-08-26
C00809,Customer 809,Corporate,West,Ahmedabad,2021-07-15
C00810,Customer 810,Home Office,East,Kolkata,2023-07-31
C00811,Customer 811,Home Office,West,Mumbai,2023-06-05
C00812,Customer 812,Consumer,West,Mumbai,2023-06-02
C00813,Customer 813,Consumer,East,Kolkata,2022-06-07
C00814,Customer 814,Consumer,South,Bengaluru,2022-09-08
C00815,Customer 815,Consumer,West,Mumbai,2022-04-29
C00816,Customer 816,Consumer,North,Jaipur,2022-01-13
C00817,Customer 817,Consumer,North,Jaipur,2023-07-28
C00818,Customer 818,Corporate,South,Bengaluru,2022-08-30
C00819,Customer 819,Consumer,South,Bengaluru,2023-03-14
C00820,Customer 820,Home Office,West,Pune,2021-08-30
C00821,Customer 821,Consumer,West,Mumbai,2023-05-12
C00822,Customer 822,Consumer,South,Bengaluru,2023-01-14
C00823,Customer 823,Consumer,West,Pune,2023-11-15
C00824,Customer 824,Consumer,South,Chennai,2021-09-29
C00825,Customer 825,Consumer,North,Delhi,2022-09-30
C00826,Customer 826,Home Office,West,Mumbai,2022-09-04
C00827,Customer 827,Consumer,South,Bengaluru,2022-09-28
C00828,Customer 828,Consumer,West,Mumbai,2021-07-19
C00829,Customer 829,Corporate,North,Delhi,2022-07-31
C00830,Customer 830,Consumer,West,Pune,2022-02-25
C00831,Customer 831,Corporate,South,Bengaluru,2022-12-08
C00832,Customer 832,Consumer,South,Bengaluru,2021-12-26
C00833,Customer 833,Home Office,West,Nashik,2022-06-27
C00834,Customer 834,Consumer,South,Chennai,2022-12-11
C00835,Customer 835,Consumer,South,Hyderabad,2021-07-28
C00836,Customer 836,Corporate,South,Bengaluru,2023-05-10
C00837,Customer 837,Home Office,South,Hyderabad,2023-03-07
C00838,Customer 838,Consumer,East,Kolkata,2021-07-22
C00839,Customer 839,Corporate,West,Nashik,2021-07-29
C00840,Customer 840,Consumer,South,Bengaluru,2023-07-06
C00841,Customer 841,Consumer,West,Mumbai,2022-02-10
C00842,Customer 842,Consumer,North,Delhi,2023-07-15
C00843,Customer 843,Corporate,South,Bengaluru,2022-08-24
C00844,Customer 844,Consumer,West,Nashik,2022-04-05
C00845,Customer 845,Corporate,West,Mumbai,2022-02-02
C00846,Customer 846,Consumer,North,Jaipur,2023-01-15
C00847,Customer 847,Home Office,West,Nashik,2021-09-07
C00848,Customer 848,Home Office,South,Chennai,2022-05-29
C00849,Customer 849,Consumer,West,Mumbai,2022-04-08
C00850,Customer 850,Consumer,East,Kolkata,2021-10-17
C00851,Customer 851,Consumer,West,Mumbai,2022-04-14
C00852,Customer 852,Home Office,West,Mumbai,2022-09-19
C00853,Customer 853,Consumer,North,Delhi,2023-01-31
C00854,Customer 854,Corporate,North,Jaipur,2021-08-17
C00855,Customer 855,Consumer,West,Mumbai,2023-07-26
C00856,Customer 856,Corporate,West,Ahmedabad,2023-07-31
C00857,Customer 857,Consumer,South,Hyderabad,2023-02-13
C00858,Customer 858,Consumer,North,Delhi,2023-09-10
C00859,Customer 859,Home Office,West,Nashik,2022-06-21
C00860,Customer 860,Consumer,South,Bengaluru,2023-06-10
C00861,Customer 861,Home Office,South,Hyderabad,2023-03-17
C00862,Customer 862,Consumer,South,Hyderabad,2022-10-20
C00863,Customer 863,Consumer,South,Hyderabad,2021-11-09
C00864,Customer 864,Home Office,South,Bengaluru,2022-10-15
C00865,Customer 865,Corporate,West,Mumbai,2023-08-21
C00866,Customer 866,Corporate,North,Jaipur,2023-11-04
C00867,Customer 867,Consumer,North,Delhi,2022-07-09
C00868,Customer 868,Consumer,North,Delhi,2022-01-10
C00869,Customer 869,Consumer,West,Mumbai,2023-04-04
C00870,Customer 870,Corporate,West,Mumbai,2021-08-08
C00871,Customer 871,Consumer,South,Hyderabad,2021-10-14
C00872,Customer 872,Consumer,West,Mumbai,2022-10-19
C00873,Customer 873,Consumer,East,Kolkata,2023-11-09
C00874,Customer 874,Consumer,West,Nashik,2022-03-23
C00875,Customer 875,Consumer,South,Hyderabad,2022-07-04
C00876,Customer 876,Consumer,North,Jaipur,2022-03-18
C00877,Customer 877,Home Office,West,Nashik,2022-07-02
C00878,Customer 878,Corporate,West,Pune,2021-06-07
C00879,Customer 879,Consumer,South,Bengaluru,2022-11-18
C00880,Customer 880,Corporate,South,Bengaluru,2022-11-19
C00881,Customer 881,Home Office,West,Nashik,2022-03-12
C00882,Customer 882,Consumer,South,Bengaluru,2022-01-24
C00883,Customer 883,Consumer,East,Kolkata,2023-04-17
C00884,Customer 884,Consumer,West,Ahmedabad,2021-11-17
C00885,Customer 885,Consumer,West,Mumbai,2021-07-13
C00886,Customer 886,Corporate,West,Nashik,2021-07-07
C00887,Customer 887,Home Office,West,Nashik,2023-08-03
C00888,Customer 888,Consumer,West,Mumbai,2022-04-24
C00889,Customer 889,Corporate,West,Mumbai,2021-08-31
C00890,Customer 890,Consumer,South,Chennai,2023-08-01
C00891,Customer 891,Corporate,West,Pune,2021-10-12
C00892,Customer 892,Corporate,East,Kolkata,2022-03-31
C00893,Customer 893,Consumer,West,Pune,2021-06-19
C00894,Customer 894,Consumer,West,Mumbai,2023-02-02
C00895,Customer 895,Corporate,South,Hyderabad,2023-02-20
C00896,Customer 896,Home Office,North,Jaipur,2023-04-12
C00897,Customer 897,Consumer,West,Pune,2022-01-23
C00898,Customer 898,Consumer,West,Mumbai,2022-03-23
C00899,Customer 899,Consumer,West,Mumbai,2023-09-23
C00900,Customer 900,Corporate,South,Bengaluru,2023-06-10
C00901,Customer 901,Corporate,West,Ahmedabad,2021-07-04
C00902,Customer 902,Corporate,West,Pune,2023-02-13
C00903,Customer 903,Corporate,West,Mumbai,2023-06-02
C00904,Customer 904,Home Office,West,Ahmedabad,2022-10-17
C00905,Customer 905,Corporate,East,Kolkata,2022-12-28
C00906,Customer 906,Consumer,South,Chennai,2021-06-01
C00907,Customer 907,Corporate,West,Ahmedabad,2021-06-28
C00908,Customer 908,Consumer,West,Mumbai,2021-07-02
C00909,Customer 909,Consumer,West,Pune,2021-10-22
C00910,Customer 910,Home Office,West,Pune,2023-11-09
C00911,Customer 911,Corporate,South,Hyderabad,2022-12-23
C00912,Customer 912,Home Office,North,Delhi,2023-05-06
C00913,Customer 913,Consumer,North,Jaipur,2022-02-22
C00914,Customer 914,Corporate,East,Kolkata,2023-09-22
C00915,Customer 915,Consumer,East,Kolkata,2021-11-27
C00916,Customer 916,Consumer,East,Kolkata,2023-08-22
C00917,Customer 917,Consumer,West,Mumbai,2021-06-28
C00918,Customer 918,Corporate,West,Mumbai,2021-06-19
C00919,Customer 919,Consumer,West,Pune,2021-08-11
C00920,Customer 920,Home Office,South,Bengaluru,2023-05-14
C00921,Customer 921,Consumer,West,Mumbai,2022-01-18
C00922,Customer 922,Consumer,North,Delhi,2022-07-12
C00923,Customer 923,Corporate,South,Bengaluru,2022-07-30
C00924,Customer 924,Consumer,South,Bengaluru,2023-05-12
C00925,Customer 925,Home Office,West,Mumbai,2022-04-10
C00926,Customer 926,Corporate,West,Pune,2021-06-07
C00927,Customer 927,Consumer,West,Mumbai,2022-05-14
C00928,Customer 928,Corporate,North,Delhi,2022-02-15
C00929,Customer 929,Corporate,South,Bengaluru,2023-03-20
C00930,Customer 930,Corporate,South,Hyderabad,2023-04-08
C00931,Customer 931,Home Office,West,Pune,2021-08-22
C00932,Customer 932,Corporate,West,Nashik,2023-05-15
C00933,Customer 933,Corporate,West,Nashik,2021-08-03
C00934,Customer 934,Consumer,South,Hyderabad,2022-12-10
C00935,Customer 935,Corporate,South,Hyderabad,2022-05-17
C00936,Customer 936,Home Office,West,Mumbai,2022-02-27
C00937,Customer 937,Corporate,East,Kolkata,2022-08-09
C00938,Customer 938,Corporate,West,Mumbai,2022-03-07
C00939,Customer 939,Consumer,North,Jaipur,2023-05-16
C00940,Customer 940,Corporate,West,Mumbai,2023-10-19
C00941,Customer 941,Home Office,West,Pune,2023-06-05
C00942,Customer 942,Consumer,North,Delhi,2022-07-01
C00943,Customer 943,Consumer,West,Mumbai,2022-08-27
C00944,Customer 944,Corporate,West,Nashik,2022-07-08
C00945,Customer 945,Consumer,West,Ahmedabad,2023-05-16
C00946,Customer 946,Corporate,West,Pune,2022-10-11
C00947,Customer 947,Consumer,South,Hyderabad,2022-07-27
C00948,Customer 948,Consumer,North,Delhi,2022-06-04
C00949,Customer 949,Corporate,North,Delhi,2022-05-04
C00950,Customer 950,Corporate,West,Pune,2022-10-11
C00951,Customer 951,Corporate,South,Bengaluru,2023-02-11
C00952,Customer 952,Corporate,West,Pune,2022-06-25
C00953,Customer 953,Corporate,West,Pune,2023-05-27
C00954,Customer 954,Corporate,West,Mumbai,2023-06-15
C00955,Customer 955,Corporate,East,Kolkata,2022-06-22
C00956,Customer 956,Corporate,North,Jaipur,2023-08-28
C00957,Customer 957,Corporate,South,Hyderabad,2021-11-03
C00958,Customer 958,Consumer,South,Bengaluru,2023-09-17
C00959,Customer 959,Consumer,West,Ahmedabad,2022-02-20
C00960,Customer 960,Corporate,South,Bengaluru,2022-10-21
C00961,Customer 961,Home Office,South,Bengaluru,2022-02-11
C00962,Customer 962,Corporate,West,Nashik,2022-07-03
C00963,Customer 963,Consumer,West,Mumbai,2022-04-03
C00964,Customer 964,Corporate,West,Mumbai,2023-02-25
C00965,Customer 965,Consumer,East,Kolkata,2021-08-13
C00966,Customer 966,Corporate,West,Ahmedabad,2023-06-25
C00967,Customer 967,Home Office,East,Kolkata,2023-08-23
C00968,Customer 968,Corporate,West,Mumbai,2022-10-20
C00969,Customer 969,Corporate,South,Bengaluru,2022-10-06
C00970,Customer 970,Consumer,West,Mumbai,2023-02-20
C00971,Customer 971,Consumer,West,Pune,2021-11-27
C00972,Customer 972,Home Office,West,Mumbai,2023-04-06
C00973,Customer 973,Corporate,West,Mumbai,2021-12-14
C00974,Customer 974,Consumer,North,Jaipur,2023-01-30
C00975,Customer 975,Consumer,West,Pune,2022-03-03
C00976,Customer 976,Consumer,South,Bengaluru,2023-04-03
C00977,Customer 977,Consumer,West,Ahmedabad,2023-05-13
C00978,Customer 978,Consumer,West,Nashik,2021-12-05
C00979,Customer 979,Consumer,South,Bengaluru,2022-12-08
C00980,Customer 980,Home Office,West,Mumbai,2022-08-23
C00981,Customer 981,Consumer,East,Kolkata,2022-02-20
C00982,Customer 982,Consumer,North,Delhi,2022-11-12
C00983,Customer 983,Consumer,South,Hyderabad,2023-11-11
C00984,Customer 984,Consumer,West,Ahmedabad,2021-06-03
C00985,Customer 985,Corporate,West,Mumbai,2023-10-10
C00986,Customer 986,Consumer,North,Jaipur,2023-07-11
C00987,Customer 987,Corporate,West,Pune,2022-09-20
C00988,Customer 988,Corporate,West,Mumbai,2022-12-02
C00989,Customer 989,Consumer,West,Pune,2022-04-29
C00990,Customer 990,Corporate,North,Delhi,2021-09-25
C00991,Customer 991,Home Office,South,Bengaluru,2022-10-28
C00992,Customer 992,Consumer,South,Hyderabad,2023-06-05
C00993,Customer 993,Consumer,North,Delhi,2021-12-25
C00994,Customer 994,Home Office,West,Mumbai,2023-03-08
C00995,Customer 995,Home Office,North,Jaipur,2023-04-05
C00996,Customer 996,Corporate,West,Nashik,2023-04-14
C00997,Customer 997,Corporate,South,Chennai,2022-04-03
C00998,Customer 998,Consumer,West,Mumbai,2022-05-19
C00999,Customer 999,Corporate,East,Kolkata,2022-06-10
C01000,Customer 1000,Consumer,West,Pune,2023-07-09
C01001,Customer 1001,Consumer,West,Mumbai,2023-08-20
C01002,Customer 1002,Corporate,West,Ahmedabad,2022-06-08
C01003,Customer 1003,Home Office,West,Mumbai,2023-10-21
C01004,Customer 1004,Home Office,West,Mumbai,2022-10-27
C01005,Customer 1005,Consumer,South,Chennai,2022-05-13
C01006,Customer 1006,Consumer,West,Nashik,2021-06-01
C01007,Customer 1007,Home Office,North,Jaipur,2022-12-02
C01008,Customer 1008,Home Office,West,Pune,2023-01-02
C01009,Customer 1009,Corporate,South,Hyderabad,2023-10-20
C01010,Customer 1010,Corporate,West,Ahmedabad,2023-03-09
C01011,Customer 1011,Consumer,South,Chennai,2021-06-27
C01012,Customer 1012,Consumer,South,Bengaluru,2022-10-24
C01013,Customer 1013,Consumer,West,Ahmedabad,2023-03-31
C01014,Customer 1014,Consumer,East,Kolkata,2022-08-21
C01015,Customer 1015,Consumer,West,Pune,2022-06-22
C01016,Customer 1016,Home Office,West,Mumbai,2023-05-30
C01017,Customer 1017,Consumer,South,Chennai,2022-12-03
C01018,Customer 1018,Consumer,North,Delhi,2023-02-04
C01019,Customer 1019,Corporate,West,Mumbai,2022-07-23
C01020,Customer 1020,Consumer,West,Ahmedabad,2022-02-06
C01021,Customer 1021,Consumer,North,Jaipur,2022-09-11
C01022,Customer 1022,Corporate,South,Hyderabad,2023-10-12
C01023,Customer 1023,Consumer,East,Kolkata,2022-11-25
C01024,Customer 1024,Corporate,South,Bengaluru,2023-02-27
C01025,Customer 1025,Home Office,South,Chennai,2021-09-20
C01026,Customer 1026,Consumer,West,Pune,2023-11-07
C01027,Customer 1027,Home Office,East,Kolkata,2022-01-07
C01028,Customer 1028,Home Office,West,Nashik,2023-10-23
C01029,Customer 1029,Home Office,South,Hyderabad,2022-07-07
C01030,Customer 1030,Corporate,West,Nashik,2023-09-06
C01031,Customer 1031,Corporate,South,Bengaluru,2023-08-12
C01032,Customer 1032,Corporate,South,Hyderabad,2023-04-11
C01033,Customer 1033,Corporate,West,Ahmedabad,2023-09-03
C01034,Customer 1034,Consumer,North,Jaipur,2022-12-01
C01035,Customer 1035,Home Office,West,Nashik,2023-07-04
C01036,Customer 1036,Corporate,South,Chennai,2021-11-02
C01037,Customer 1037,Corporate,West,Pune,2021-08-03
C01038,Customer 1038,Consumer,West,Nashik,2022-10-03
C01039,Customer 1039,Consumer,West,Ahmedabad,2023-05-30
C01040,Customer 1040,Consumer,West,Mumbai,2023-04-20
C01041,Customer 1041,Consumer,West,Mumbai,2022-09-19
C01042,Customer 1042,Consumer,South,Chennai,2022-09-12
C01043,Customer 1043,Consumer,South,Chennai,2022-12-01
C01044,Customer 1044,Consumer,South,Chennai,2023-07-22
C01045,Customer 1045,Corporate,West,Mumbai,2023-06-28
C01046,Customer 1046,Consumer,West,Pune,2021-09-07
C01047,Customer 1047,Home Office,West,Mumbai,2022-11-19
C01048,Customer 1048,Consumer,South,Hyderabad,2022-05-09
C01049,Customer 1049,Consumer,North,Delhi,2023-05-21
C01050,Customer 1050,Consumer,West,Pune,2022-08-30
C01051,Customer 1051,Corporate,South,Chennai,2023-11-10
C01052,Customer 1052,Consumer,West,Mumbai,2022-06-25
C01053,Customer 1053,Corporate,West,Pune,2023-02-02
C01054,Customer 1054,Home Office,West,Mumbai,2021-09-06
C01055,Customer 1055,Consumer,West,Pune,2023-09-18
C01056,Customer 1056,Corporate,South,Chennai,2021-10-17
C01057,Customer 1057,Consumer,North,Jaipur,2022-05-07
C01058,Customer 1058,Consumer,West,Mumbai,2023-06-24
C01059,Customer 1059,Consumer,South,Bengaluru,2023-10-19
C01060,Customer 1060,Consumer,South,Chennai,2022-08-10
C01061,Customer 1061,Corporate,East,Kolkata,2022-08-11
C01062,Customer 1062,Corporate,South,Bengaluru,2021-07-14
C01063,Customer 1063,Corporate,West,Pune,2023-10-29
C01064,Customer 1064,Consumer,South,Bengaluru,2021-06-15
C01065,Customer 1065,Corporate,West,Pune,2021-06-24
C01066,Customer 1066,Consumer,East,Kolkata,2022-08-01
C01067,Customer 1067,Consumer,West,Nashik,2021-06-04
C01068,Customer 1068,Consumer,South,Chennai,2021-10-26
C01069,Customer 1069,Corporate,West,Mumbai,2022-12-17
C01070,Customer 1070,Home Office,West,Nashik,2023-02-25
C01071,Customer 1071,Consumer,North,Delhi,2022-02-24
C01072,Customer 1072,Corporate,South,Bengaluru,2023-05-17
C01073,Customer 1073,Corporate,West,Ahmedabad,2022-11-29
C01074,Customer 1074,Home Office,East,Kolkata,2021-12-23
C01075,Customer 1075,Corporate,North,Delhi,2023-03-04
C01076,Customer 1076,Corporate,West,Pune,2022-11-15
C01077,Customer 1077,Corporate,South,Bengaluru,2023-06-01
C01078,Customer 1078,Home Office,West,Ahmedabad,2021-10-18
C01079,Customer 1079,Consumer,South,Chennai,2021-12-25
C01080,Customer 1080,Home Office,West,Pune,2022-03-01
C01081,Customer 1081,Consumer,West,Pune,2022-04-04
C01082,Customer 1082,Home Office,North,Jaipur,2023-08-09
C01083,Customer 1083,Consumer,North,Jaipur,2023-03-22
C01084,Customer 1084,Consumer,North,Delhi,2022-10-03
C01085,Customer 1085,Consumer,East,Kolkata,2022-09-30
C01086,Customer 1086,Consumer,South,Hyderabad,2023-08-07
C01087,Customer 1087,Consumer,South,Hyderabad,2022-07-08
C01088,Customer 1088,Consumer,South,Hyderabad,2021-12-20
C01089,Customer 1089,Consumer,West,Ahmedabad,2021-10-02
C01090,Customer 1090,Consumer,West,Ahmedabad,2022-03-25
C01091,Customer 1091,Corporate,West,Pune,2023-01-09
C01092,Customer 1092,Home Office,South,Chennai,2022-07-29
C01093,Customer 1093,Corporate,West,Pune,2022-06-15
C01094,Customer 1094,Consumer,West,Pune,2022-08-07
C01095,Customer 1095,Consumer,South,Bengaluru,2023-10-26
C01096,Customer 1096,Home Office,West,Nashik,2023-11-15
C01097,Customer 1097,Consumer,West,Mumbai,2021-10-24
C01098,Customer 1098,Consumer,North,Delhi,2021-09-12
C01099,Customer 1099,Home Office,North,Delhi,2022-01-06
C01100,Customer 1100,Home Office,West,Mumbai,2023-07-07
C01101,Customer 1101,Consumer,West,Mumbai,2022-07-19
C01102,Customer 1102,Corporate,West,Pune,2023-07-18
C01103,Customer 1103,Consumer,North,Delhi,2023-01-04
C01104,Customer 1104,Corporate,North,Delhi,2022-10-11
C01105,Customer 1105,Consumer,West,Mumbai,2022-02-09
C01106,Customer 1106,Consumer,South,Hyderabad,2022-04-06
C01107,Customer 1107,Corporate,West,Mumbai,2021-10-11
C01108,Customer 1108,Consumer,West,Nashik,2022-09-11
C01109,Customer 1109,Corporate,East,Kolkata,2022-02-08
C01110,Customer 1110,Consumer,West,Mumbai,2022-02-19
C01111,Customer 1111,Home Office,West,Mumbai,2021-07-06
C01112,Customer 1112,Corporate,West,Nashik,2023-05-21
C01113,Customer 1113,Consumer,South,Bengaluru,2023-09-24
C01114,Customer 1114,Corporate,East,Kolkata,2022-08-23
C01115,Customer 1115,Consumer,East,Kolkata,2022-09-26
C01116,Customer 1116,Consumer,West,Mumbai,2023-09-12
C01117,Customer 1117,Consumer,West,Mumbai,2022-09-04
C01118,Customer 1118,Home Office,North,Delhi,2022-12-13
C01119,Customer 1119,Home Office,West,Pune,2022-06-21
C01120,Customer 1120,Home Office,North,Jaipur,2022-09-06
C01121,Customer 1121,Home Office,South,Chennai,2022-09-13
C01122,Customer 1122,Home Office,West,Mumbai,2023-03-02
C01123,Customer 1123,Consumer,North,Delhi,2022-11-26
C01124,Customer 1124,Home Office,West,Mumbai,2022-08-28
C01125,Customer 1125,Corporate,West,Nashik,2021-08-08
C01126,Customer 1126,Consumer,South,Bengaluru,2023-08-24
C01127,Customer 1127,Corporate,West,Ahmedabad,2023-08-09
C01128,Customer 1128,Consumer,South,Chennai,2021-11-14
C01129,Customer 1129,Consumer,South,Chennai,2022-02-19
C01130,Customer 1130,Consumer,East,Kolkata,2023-10-25
C01131,Customer 1131,Consumer,East,Kolkata,2022-03-16
C01132,Customer 1132,Consumer,South,Bengaluru,2023-06-01
C01133,Customer 1133,Home Office,West,Mumbai,2023-05-09
C01134,Customer 1134,Corporate,South,Hyderabad,2023-07-15
C01135,Customer 1135,Corporate,East,Kolkata,2021-06-15
C01136,Customer 1136,Consumer,West,Pune,2022-08-09
C01137,Customer 1137,Consumer,West,Ahmedabad,2022-10-22
C01138,Customer 1138,Consumer,West,Nashik,2023-06-24
C01139,Customer 1139,Home Office,West,Mumbai,2021-12-20
C01140,Customer 1140,Consumer,South,Chennai,2022-03-04
C01141,Customer 1141,Corporate,West,Pune,2021-11-09
C01142,Customer 1142,Corporate,South,Hyderabad,2023-04-17
C01143,Customer 1143,Corporate,North,Delhi,2023-11-16
C01144,Customer 1144,Home Office,North,Delhi,2021-10-05
C01145,Customer 1145,Consumer,West,Nashik,2021-12-27
C01146,Customer 1146,Home Office,West,Pune,2022-03-04
C01147,Customer 1147,Corporate,South,Hyderabad,2023-08-10
C01148,Customer 1148,Corporate,North,Delhi,2022-07-07
C01149,Customer 1149,Corporate,West,Ahmedabad,2022-02-09
C01150,Customer 1150,Home Office,North,Jaipur,2022-03-18
C01151,Customer 1151,Home Office,West,Mumbai,2022-11-21
C01152,Customer 1152,Consumer,North,Delhi,2022-05-15
C01153,Customer 1153,Corporate,West,Mumbai,2021-10-05
C01154,Customer 1154,Corporate,West,Mumbai,2023-06-09
C01155,Customer 1155,Consumer,South,Bengaluru,2022-06-16
C01156,Customer 1156,Home Office,West,Mumbai,2022-01-18
C01157,Customer 1157,Consumer,West,Mumbai,2023-03-18
C01158,Customer 1158,Corporate,West,Mumbai,2023-04-02
C01159,Customer 1159,Consumer,West,Nashik,2021-10-18
C01160,Customer 1160,Consumer,South,Hyderabad,2021-08-06
C01161,Customer 1161,Home Office,West,Mumbai,2021-07-11
C01162,Customer 1162,Consumer,South,Chennai,2023-04-21
C01163,Customer 1163,Consumer,North,Delhi,2022-12-16
C01164,Customer 1164,Consumer,West,Mumbai,2023-05-14
C01165,Customer 1165,Consumer,West,Mumbai,2022-12-16
C01166,Customer 1166,Corporate,North,Delhi,2022-05-28
C01167,Customer 1167,Home Office,North,Delhi,2022-11-13
C01168,Customer 1168,Consumer,South,Bengaluru,2023-03-13
C01169,Customer 1169,Corporate,North,Delhi,2022-05-25
C01170,Customer 1170,Consumer,West,Mumbai,2023-09-02
C01171,Customer 1171,Corporate,West,Nashik,2023-08-19
C01172,Customer 1172,Consumer,South,Hyderabad,2023-05-22
C01173,Customer 1173,Consumer,West,Pune,2023-11-11
C01174,Customer 1174,Consumer,South,Hyderabad,2022-05-18
C01175,Customer 1175,Corporate,West,Ahmedabad,2021-09-11
C01176,Customer 1176,Consumer,South,Hyderabad,2022-08-10
C01177,Customer 1177,Consumer,West,Ahmedabad,2023-04-03
C01178,Customer 1178,Corporate,West,Nashik,2023-05-03
C01179,Customer 1179,Corporate,West,Mumbai,2022-05-16
C01180,Customer 1180,Consumer,West,Mumbai,2022-02-19
C01181,Customer 1181,Corporate,South,Hyderabad,2022-07-06
C01182,Customer 1182,Home Office,West,Mumbai,2023-05-25
C01183,Customer 1183,Consumer,West,Mumbai,2021-07-25
C01184,Customer 1184,Corporate,West,Mumbai,2022-03-23
C01185,Customer 1185,Consumer,West,Mumbai,2021-12-24
C01186,Customer 1186,Corporate,North,Delhi,2023-05-27
C01187,Customer 1187,Consumer,West,Nashik,2022-07-28
C01188,Customer 1188,Corporate,East,Kolkata,2021-08-18
C01189,Customer 1189,Consumer,West,Mumbai,2022-01-22
C01190,Customer 1190,Consumer,South,Chennai,2021-07-10
C01191,Customer 1191,Home Office,West,Ahmedabad,2022-08-03
C01192,Customer 1192,Consumer,West,Nashik,2023-11-15
C01193,Customer 1193,Home Office,North,Delhi,2022-10-24
C01194,Customer 1194,Home Office,East,Kolkata,2023-07-23
C01195,Customer 1195,Home Office,North,Delhi,2023-03-31
C01196,Customer 1196,Consumer,West,Mumbai,2023-08-04
C01197,Customer 1197,Corporate,West,Mumbai,2022-03-07
C01198,Customer 1198,Consumer,South,Chennai,2023-10-05
C01199,Customer 1199,Consumer,West,Pune,2022-01-01
C01200,Customer 1200,Home Office,South,Hyderabad,2022-06-30
C01201,Customer 1201,Corporate,South,Bengaluru,2023-02-04
C01202,Customer 1202,Corporate,South,Bengaluru,2022-02-14
C01203,Customer 1203,Consumer,North,Delhi,2022-01-25
C01204,Customer 1204,Corporate,South,Hyderabad,2021-09-26
C01205,Customer 1205,Corporate,West,Mumbai,2021-06-04
C01206,Customer 1206,Consumer,West,Mumbai,2022-08-26
C01207,Customer 1207,Home Office,South,Bengaluru,2023-11-06
C01208,Customer 1208,Consumer,West,Ahmedabad,2021-12-16
C01209,Customer 1209,Consumer,West,Pune,2022-07-02
C01210,Customer 1210,Corporate,West,Nashik,2023-09-20
C01211,Customer 1211,Home Office,South,Hyderabad,2023-04-27
C01212,Customer 1212,Consumer,North,Delhi,2021-06-04
C01213,Customer 1213,Consumer,South,Bengaluru,2022-08-25
C01214,Customer 1214,Consumer,West,Nashik,2021-10-07
C01215,Customer 1215,Home Office,West,Pune,2022-01-09
C01216,Customer 1216,Consumer,South,Bengaluru,2022-01-08
C01217,Customer 1217,Consumer,West,Pune,2022-12-04
C01218,Customer 1218,Home Office,South,Bengaluru,2021-11-27
C01219,Customer 1219,Consumer,South,Chennai,2022-01-13
C01220,Customer 1220,Corporate,West,Mumbai,2021-12-21
C01221,Customer 1221,Consumer,West,Mumbai,2022-04-18
C01222,Customer 1222,Corporate,West,Mumbai,2023-01-12
C01223,Customer 1223,Consumer,North,Jaipur,2022-05-26
C01224,Customer 1224,Consumer,South,Chennai,2022-03-22
C01225,Customer 1225,Consumer,West,Mumbai,2022-09-09
C01226,Customer 1226,Corporate,North,Jaipur,2022-12-06
C01227,Customer 1227,Corporate,West,Ahmedabad,2021-06-14
C01228,Customer 1228,Consumer,West,Ahmedabad,2023-08-11
C01229,Customer 1229,Consumer,East,Kolkata,2023-09-03
C01230,Customer 1230,Home Office,West,Mumbai,2022-11-25
C01231,Customer 1231,Consumer,West,Mumbai,2022-10-31
C01232,Customer 1232,Consumer,South,Bengaluru,2023-02-16
C01233,Customer 1233,Corporate,West,Mumbai,2022-07-02
C01234,Customer 1234,Consumer,South,Chennai,2022-04-25
C01235,Customer 1235,Consumer,West,Mumbai,2022-04-14
C01236,Customer 1236,Consumer,West,Mumbai,2021-10-22
C01237,Customer 1237,Consumer,West,Mumbai,2023-06-28
C01238,Customer 1238,Corporate,West,Nashik,2022-03-16
C01239,Customer 1239,Corporate,West,Mumbai,2022-02-11
C01240,Customer 1240,Corporate,West,Mumbai,2023-10-16
C01241,Customer 1241,Consumer,North,Delhi,2022-08-31
C01242,Customer 1242,Home Office,West,Pune,2022-12-12
C01243,Customer 1243,Consumer,West,Nashik,2022-01-07
C01244,Customer 1244,Corporate,West,Mumbai,2022-02-05
C01245,Customer 1245,Consumer,West,Pune,2023-03-18
C01246,Customer 1246,Corporate,West,Pune,2022-07-11
C01247,Customer 1247,Consumer,South,Bengaluru,2021-10-11
C01248,Customer 1248,Consumer,West,Mumbai,2023-06-22
C01249,Customer 1249,Consumer,North,Jaipur,2022-05-29
C01250,Customer 1250,Consumer,North,Jaipur,2023-01-23
C01251,Customer 1251,Consumer,West,Mumbai,2022-04-04
C01252,Customer 1252,Corporate,West,Mumbai,2022-10-18
C01253,Customer 1253,Home Office,West,Mumbai,2023-04-30
C01254,Customer 1254,Consumer,South,Bengaluru,2023-08-06
C01255,Customer 1255,Home Office,West,Mumbai,2021-12-04
C01256,Customer 1256,Corporate,North,Delhi,2023-01-27
C01257,Customer 1257,Home Office,South,Hyderabad,2023-09-02
C01258,Customer 1258,Corporate,North,Delhi,2022-12-31
C01259,Customer 1259,Corporate,South,Bengaluru,2021-10-07
C01260,Customer 1260,Corporate,East,Kolkata,2021-11-18
C01261,Customer 1261,Corporate,West,Mumbai,2021-11-30
C01262,Customer 1262,Home Office,West,Nashik,2021-09-04
C01263,Customer 1263,Consumer,West,Pune,2023-04-10
C01264,Customer 1264,Consumer,East,Kolkata,2023-10-17
C01265,Customer 1265,Consumer,South,Bengaluru,2022-09-09
C01266,Customer 1266,Home Office,North,Delhi,2022-11-21
C01267,Customer 1267,Consumer,West,Mumbai,2023-04-28
C01268,Customer 1268,Corporate,East,Kolkata,2022-06-10
C01269,Customer 1269,Home Office,West,Ahmedabad,2022-07-31
C01270,Customer 1270,Home Office,West,Ahmedabad,2022-11-13
C01271,Customer 1271,Consumer,East,Kolkata,2022-03-02
C01272,Customer 1272,Corporate,West,Nashik,2021-07-26
C01273,Customer 1273,Home Office,West,Nashik,2022-10-24
C01274,Customer 1274,Consumer,South,Bengaluru,2023-06-10
C01275,Customer 1275,Corporate,West,Mumbai,2021-08-05
C01276,Customer 1276,Consumer,West,Pune,2021-12-12
C01277,Customer 1277,Corporate,West,Mumbai,2022-01-23
C01278,Customer 1278,Consumer,West,Mumbai,2023-05-26
C01279,Customer 1279,Consumer,North,Delhi,2022-08-29
C01280,Customer 1280,Consumer,South,Bengaluru,2022-09-24
C01281,Customer 1281,Consumer,West,Pune,2023-01-02
C01282,Customer 1282,Consumer,West,Nashik,2022-02-04
C01283,Customer 1283,Corporate,West,Nashik,2023-03-05
C01284,Customer 1284,Consumer,South,Chennai,2021-06-28
C01285,Customer 1285,Consumer,North,Jaipur,2021-09-11
C01286,Customer 1286,Corporate,East,Kolkata,2023-06-05
C01287,Customer 1287,Corporate,West,Nashik,2023-01-14
C01288,Customer 1288,Corporate,West,Pune,2021-11-06
C01289,Customer 1289,Home Office,West,Ahmedabad,2022-06-30
C01290,Customer 1290,Consumer,South,Bengaluru,2021-07-17
C01291,Customer 1291,Home Office,West,Ahmedabad,2023-01-26
C01292,Customer 1292,Consumer,South,Chennai,2023-04-12
C01293,Customer 1293,Corporate,South,Bengaluru,2022-02-06
C01294,Customer 1294,Home Office,West,Pune,2022-04-12
C01295,Customer 1295,Home Office,West,Pune,2021-12-31
C01296,Customer 1296,Corporate,West,Nashik,2022-05-17
C01297,Customer 1297,Corporate,West,Mumbai,2022-02-01
C01298,Customer 1298,Consumer,West,Mumbai,2022-01-09
C01299,Customer 1299,Corporate,South,Hyderabad,2022-06-23
C01300,Customer 1300,Corporate,West,Nashik,2023-07-14
C01301,Customer 1301,Home Office,West,Mumbai,2023-04-18
C01302,Customer 1302,Consumer,South,Bengaluru,2022-02-23
C01303,Customer 1303,Consumer,South,Hyderabad,2023-09-27
C01304,Customer 1304,Corporate,West,Pune,2021-12-07
C01305,Customer 1305,Consumer,North,Delhi,2023-08-29
C01306,Customer 1306,Consumer,North,Jaipur,2022-03-06
C01307,Customer 1307,Consumer,South,Bengaluru,2022-09-30
C01308,Customer 1308,Corporate,South,Chennai,2021-11-30
C01309,Customer 1309,Consumer,West,Mumbai,2023-04-17
C01310,Customer 1310,Consumer,East,Kolkata,2022-03-13
C01311,Customer 1311,Consumer,West,Nashik,2023-07-26
C01312,Customer 1312,Home Office,North,Jaipur,2021-08-14
C01313,Customer 1313,Corporate,South,Bengaluru,2022-08-26
C01314,Customer 1314,Consumer,West,Mumbai,2021-10-21
C01315,Customer 1315,Consumer,West,Mumbai,2023-08-10
C01316,Customer 1316,Corporate,South,Chennai,2022-06-11
C01317,Customer 1317,Consumer,South,Bengaluru,2023-01-29
C01318,Customer 1318,Corporate,West,Mumbai,2023-08-01
C01319,Customer 1319,Consumer,South,Hyderabad,2022-09-26
C01320,Customer 1320,Home Office,North,Delhi,2021-07-22
C01321,Customer 1321,Consumer,West,Ahmedabad,2021-12-16
C01322,Customer 1322,Corporate,West,Ahmedabad,2021-12-09
C01323,Customer 1323,Consumer,West,Mumbai,2023-09-01
C01324,Customer 1324,Home Office,South,Hyderabad,2023-08-27
C01325,Customer 1325,Home Office,West,Pune,2022-08-04
C01326,Customer 1326,Corporate,North,Delhi,2023-08-11
C01327,Customer 1327,Consumer,West,Nashik,2022-01-08
C01328,Customer 1328,Consumer,South,Bengaluru,2023-02-02
C01329,Customer 1329,Corporate,West,Pune,2022-05-19
C01330,Customer 1330,Corporate,West,Mumbai,2022-01-03
C01331,Customer 1331,Consumer,South,Hyderabad,2022-01-12
C01332,Customer 1332,Consumer,West,Ahmedabad,2022-06-13
C01333,Customer 1333,Consumer,South,Bengaluru,2022-04-02
C01334,Customer 1334,Home Office,East,Kolkata,2021-12-08
C01335,Customer 1335,Corporate,East,Kolkata,2022-03-28
C01336,Customer 1336,Corporate,North,Delhi,2021-09-24
C01337,Customer 1337,Corporate,West,Mumbai,2023-10-21
C01338,Customer 1338,Consumer,South,Bengaluru,2022-05-08
C01339,Customer 1339,Consumer,North,Delhi,2021-09-05
C01340,Customer 1340,Consumer,West,Nashik,2022-11-01
C01341,Customer 1341,Corporate,West,Mumbai,2023-08-04
C01342,Customer 1342,Consumer,North,Delhi,2022-04-20
C01343,Customer 1343,Consumer,West,Ahmedabad,2023-07-01
C01344,Customer 1344,Consumer,South,Bengaluru,2022-12-02
C01345,Customer 1345,Consumer,East,Kolkata,2023-03-28
C01346,Customer 1346,Corporate,South,Bengaluru,2022-02-22
C01347,Customer 1347,Consumer,West,Nashik,2021-07-04
C01348,Customer 1348,Consumer,West,Nashik,2022-04-08
C01349,Customer 1349,Corporate,West,Nashik,2023-09-11
C01350,Customer 1350,Consumer,West,Mumbai,2023-05-13
C01351,Customer 1351,Consumer,North,Delhi,2023-05-07
C01352,Customer 1352,Consumer,North,Delhi,2023-07-31
C01353,Customer 1353,Corporate,West,Pune,2022-05-02
C01354,Customer 1354,Consumer,West,Pune,2022-03-17
C01355,Customer 1355,Corporate,North,Delhi,2023-09-11
C01356,Customer 1356,Home Office,West,Mumbai,2022-10-28
C01357,Customer 1357,Corporate,South,Bengaluru,2022-02-24
C01358,Customer 1358,Consumer,West,Ahmedabad,2022-02-06
C01359,Customer 1359,Corporate,South,Chennai,2023-07-30
C01360,Customer 1360,Consumer,West,Mumbai,2021-07-19
C01361,Customer 1361,Consumer,South,Chennai,2021-07-26
C01362,Customer 1362,Corporate,West,Nashik,2023-03-27
C01363,Customer 1363,Consumer,South,Bengaluru,2021-06-02
C01364,Customer 1364,Consumer,West,Mumbai,2021-11-01
C01365,Customer 1365,Consumer,West,Ahmedabad,2023-11-09
C01366,Customer 1366,Consumer,South,Bengaluru,2022-06-19
C01367,Customer 1367,Consumer,West,Mumbai,2023-03-17
C01368,Customer 1368,Corporate,West,Mumbai,2022-08-13
C01369,Customer 1369,Home Office,West,Mumbai,2021-08-21
C01370,Customer 1370,Consumer,West,Pune,2021-11-14
C01371,Customer 1371,Corporate,West,Mumbai,2023-04-16
C01372,Customer 1372,Consumer,East,Kolkata,2021-08-25
C01373,Customer 1373,Consumer,West,Nashik,2022-11-18
C01374,Customer 1374,Consumer,North,Delhi,2022-04-10
C01375,Customer 1375,Consumer,East,Kolkata,2022-04-30
C01376,Customer 1376,Consumer,West,Mumbai,2023-10-06
C01377,Customer 1377,Consumer,South,Chennai,2022-11-28
C01378,Customer 1378,Consumer,North,Delhi,2022-12-06
C01379,Customer 1379,Corporate,South,Chennai,2022-04-12
C01380,Customer 1380,Consumer,West,Nashik,2022-05-10
C01381,Customer 1381,Consumer,West,Nashik,2023-02-08
C01382,Customer 1382,Consumer,West,Mumbai,2021-07-06
C01383,Customer 1383,Corporate,South,Bengaluru,2021-12-31
C01384,Customer 1384,Consumer,East,Kolkata,2022-11-23
C01385,Customer 1385,Corporate,East,Kolkata,2022-12-14
C01386,Customer 1386,Consumer,West,Mumbai,2021-08-23
C01387,Customer 1387,Consumer,South,Chennai,2023-05-11
C01388,Customer 1388,Home Office,West,Pune,2022-10-02
C01389,Customer 1389,Consumer,North,Jaipur,2021-12-31
C01390,Customer 1390,Consumer,West,Mumbai,2023-04-08
C01391,Customer 1391,Consumer,East,Kolkata,2023-11-09
C01392,Customer 1392,Home Office,North,Delhi,2022-06-17
C01393,Customer 1393,Corporate,West,Mumbai,2022-02-11
C01394,Customer 1394,Corporate,West,Mumbai,2022-02-25
C01395,Customer 1395,Home Office,North,Delhi,2022-11-16
C01396,Customer 1396,Consumer,West,Mumbai,2021-07-13
C01397,Customer 1397,Home Office,South,Bengaluru,2022-08-10
C01398,Customer 1398,Consumer,North,Jaipur,2021-06-23
C01399,Customer 1399,Corporate,South,Bengaluru,2021-07-05
C01400,Customer 1400,Consumer,West,Nashik,2022-06-23
C01401,Customer 1401,Consumer,West,Ahmedabad,2023-04-02
C01402,Customer 1402,Home Office,West,Mumbai,2023-08-05
C01403,Customer 1403,Consumer,East,Kolkata,2021-08-18
C01404,Customer 1404,Home Office,West,Pune,2022-01-06
C01405,Customer 1405,Consumer,West,Mumbai,2022-06-15
C01406,Customer 1406,Corporate,West,Pune,2022-10-30
C01407,Customer 1407,Home Office,East,Kolkata,2023-11-06
C01408,Customer 1408,Consumer,West,Mumbai,2023-02-06
C01409,Customer 1409,Home Office,North,Delhi,2022-09-28
C01410,Customer 1410,Corporate,South,Chennai,2021-07-25
C01411,Customer 1411,Corporate,North,Delhi,2021-08-12
C01412,Customer 1412,Consumer,East,Kolkata,2021-10-16
C01413,Customer 1413,Corporate,North,Delhi,2023-01-16
C01414,Customer 1414,Corporate,East,Kolkata,2022-03-26
C01415,Customer 1415,Consumer,West,Mumbai,2022-01-03
C01416,Customer 1416,Consumer,North,Delhi,2023-01-25
C01417,Customer 1417,Consumer,South,Bengaluru,2023-06-04
C01418,Customer 1418,Home Office,South,Bengaluru,2022-07-01
C01419,Customer 1419,Consumer,North,Jaipur,2023-08-03
C01420,Customer 1420,Corporate,East,Kolkata,2023-03-23
C01421,Customer 1421,Home Office,South,Chennai,2023-03-07
C01422,Customer 1422,Consumer,West,Ahmedabad,2023-07-21
C01423,Customer 1423,Consumer,West,Ahmedabad,2021-11-13
C01424,Customer 1424,Corporate,West,Nashik,2023-04-14
C01425,Customer 1425,Consumer,West,Nashik,2023-10-10
C01426,Customer 1426,Corporate,West,Nashik,2023-11-11
C01427,Customer 1427,Corporate,West,Mumbai,2022-11-03
C01428,Customer 1428,Corporate,West,Mumbai,2023-04-10
C01429,Customer 1429,Consumer,South,Hyderabad,2023-08-09
C01430,Customer 1430,Corporate,West,Ahmedabad,2023-07-07
C01431,Customer 1431,Corporate,East,Kolkata,2023-08-18
C01432,Customer 1432,Consumer,South,Bengaluru,2023-06-20
C01433,Customer 1433,Corporate,West,Mumbai,2022-05-10
C01434,Customer 1434,Home Office,West,Mumbai,2023-03-20
C01435,Customer 1435,Corporate,West,Mumbai,2022-06-05
C01436,Customer 1436,Consumer,East,Kolkata,2023-05-23
C01437,Customer 1437,Consumer,West,Mumbai,2023-05-31
C01438,Customer 1438,Consumer,South,Bengaluru,2023-09-20
C01439,Customer 1439,Consumer,East,Kolkata,2022-11-12
C01440,Customer 1440,Consumer,East,Kolkata,2022-08-02
C01441,Customer 1441,Home Office,West,Mumbai,2021-10-27
C01442,Customer 1442,Consumer,West,Mumbai,2022-12-27
C01443,Customer 1443,Corporate,West,Mumbai,2022-10-23
C01444,Customer 1444,Consumer,West,Mumbai,2022-09-07
C01445,Customer 1445,Consumer,West,Mumbai,2023-01-30
C01446,Customer 1446,Consumer,South,Bengaluru,2023-07-06
C01447,Customer 1447,Consumer,North,Jaipur,2021-10-12
C01448,Customer 1448,Corporate,South,Bengaluru,2022-06-24
C01449,Customer 1449,Home Office,South,Bengaluru,2023-03-13
C01450,Customer 1450,Home Office,West,Mumbai,2023-06-08
C01451,Customer 1451,Consumer,North,Delhi,2023-05-02
C01452,Customer 1452,Corporate,South,Bengaluru,2023-05-21
C01453,Customer 1453,Consumer,North,Delhi,2023-07-10
C01454,Customer 1454,Home Office,East,Kolkata,2023-10-14
C01455,Customer 1455,Consumer,West,Pune,2022-11-30
C01456,Customer 1456,Consumer,West,Mumbai,2022-01-11
C01457,Customer 1457,Consumer,West,Mumbai,2022-10-21
C01458,Customer 1458,Consumer,West,Nashik,2023-03-01
C01459,Customer 1459,Consumer,East,Kolkata,2021-08-30
C01460,Customer 1460,Home Office,West,Nashik,2023-04-13
C01461,Customer 1461,Corporate,South,Hyderabad,2022-10-03
C01462,Customer 1462,Home Office,South,Bengaluru,2023-09-21
C01463,Customer 1463,Consumer,West,Mumbai,2021-12-08
C01464,Customer 1464,Corporate,West,Pune,2023-08-26
C01465,Customer 1465,Consumer,South,Chennai,2022-07-09
C01466,Customer 1466,Corporate,South,Chennai,2022-10-30
C01467,Customer 1467,Consumer,West,Nashik,2023-01-16
C01468,Customer 1468,Consumer,West,Mumbai,2022-11-04
C01469,Customer 1469,Corporate,South,Hyderabad,2023-08-23
C01470,Customer 1470,Consumer,West,Mumbai,2021-10-29
C01471,Customer 1471,Consumer,East,Kolkata,2023-03-19
C01472,Customer 1472,Corporate,West,Mumbai,2023-10-26
C01473,Customer 1473,Consumer,West,Mumbai,2021-12-16
C01474,Customer 1474,Home Office,West,Ahmedabad,2022-01-16
C01475,Customer 1475,Consumer,South,Bengaluru,2022-08-02
C01476,Customer 1476,Corporate,West,Ahmedabad,2023-03-15
C01477,Customer 1477,Corporate,West,Nashik,2023-10-12
C01478,Customer 1478,Corporate,East,Kolkata,2023-05-18
C01479,Customer 1479,Corporate,West,Ahmedabad,2023-05-16
C01480,Customer 1480,Home Office,West,Ahmedabad,2022-07-03
C01481,Customer 1481,Corporate,West,Nashik,2023-01-02
C01482,Customer 1482,Consumer,West,Mumbai,2021-12-08
C01483,Customer 1483,Consumer,South,Bengaluru,2022-07-22
C01484,Customer 1484,Corporate,West,Mumbai,2021-11-18
C01485,Customer 1485,Consumer,South,Chennai,2021-06-25
C01486,Customer 1486,Consumer,West,Mumbai,2023-07-11
C01487,Customer 1487,Consumer,East,Kolkata,2023-05-26
C01488,Customer 1488,Corporate,West,Ahmedabad,2022-09-03
C01489,Customer 1489,Consumer,North,Jaipur,2021-06-14
C01490,Customer 1490,Corporate,West,Ahmedabad,2021-08-21
C01491,Customer 1491,Corporate,West,Mumbai,2021-09-09
C01492,Customer 1492,Home Office,North,Delhi,2023-03-08
C01493,Customer 1493,Consumer,South,Chennai,2021-12-01
C01494,Customer 1494,Corporate,South,Hyderabad,2022-01-12
C01495,Customer 1495,Corporate,West,Nashik,2023-07-15
C01496,Customer 1496,Consumer,South,Chennai,2023-07-29
C01497,Customer 1497,Corporate,North,Delhi,2023-04-18
C01498,Customer 1498,Consumer,South,Chennai,2022-03-06
C01499,Customer 1499,Home Office,West,Pune,2022-11-04
C01500,Customer 1500,Consumer,South,Chennai,2021-11-28
